filename,duration_sec,sample_rate,channels
Yali Good News 001 Picture 1 In the Beginning 31721_001.wav,15.0,16000,1
Yali Good News 001 Picture 1 In the Beginning 31721_002.wav,15.0,16000,1
Yali Good News 001 Picture 1 In the Beginning 31721_003.wav,15.0,16000,1
Yali Good News 001 Picture 1 In the Beginning 31721_004.wav,15.0,16000,1
Yali Good News 001 Picture 1 In the Beginning 31721_005.wav,14.126,16000,1
Yali Good News 002 Picture 2 The Word of God 31721_001.wav,15.0,16000,1
Yali Good News 002 Picture 2 The Word of God 31721_002.wav,15.0,16000,1
Yali Good News 002 Picture 2 The Word of God 31721_003.wav,9.419,16000,1
Yali Good News 003 Picture 3 Creation 31721_001.wav,15.0,16000,1
Yali Good News 003 Picture 3 Creation 31721_002.wav,8.077,16000,1
Yali Good News 004 Picture 4 Adam and Eve 31721_001.wav,15.0,16000,1
Yali Good News 004 Picture 4 Adam and Eve 31721_002.wav,15.0,16000,1
Yali Good News 004 Picture 4 Adam and Eve 31721_003.wav,15.0,16000,1
Yali Good News 004 Picture 4 Adam and Eve 31721_004.wav,15.0,16000,1
Yali Good News 004 Picture 4 Adam and Eve 31721_005.wav,15.0,16000,1
Yali Good News 004 Picture 4 Adam and Eve 31721_006.wav,14.122,16000,1
Yali Good News 005 Picture 5 Cain and Abel 31721_001.wav,15.0,16000,1
Yali Good News 005 Picture 5 Cain and Abel 31721_002.wav,15.0,16000,1
Yali Good News 005 Picture 5 Cain and Abel 31721_003.wav,15.0,16000,1
Yali Good News 005 Picture 5 Cain and Abel 31721_004.wav,15.0,16000,1
Yali Good News 005 Picture 5 Cain and Abel 31721_005.wav,12.295,16000,1
Yali Good News 006 Picture 6 Noah's Ark 31721_001.wav,15.0,16000,1
Yali Good News 006 Picture 6 Noah's Ark 31721_002.wav,15.0,16000,1
Yali Good News 006 Picture 6 Noah's Ark 31721_003.wav,15.0,16000,1
Yali Good News 006 Picture 6 Noah's Ark 31721_004.wav,15.0,16000,1
Yali Good News 006 Picture 6 Noah's Ark 31721_005.wav,15.0,16000,1
Yali Good News 006 Picture 6 Noah's Ark 31721_006.wav,12.058,16000,1
Yali Good News 007 Picture 7 The Flood 31721_001.wav,15.0,16000,1
Yali Good News 007 Picture 7 The Flood 31721_002.wav,15.0,16000,1
Yali Good News 007 Picture 7 The Flood 31721_003.wav,15.0,16000,1
Yali Good News 007 Picture 7 The Flood 31721_004.wav,15.0,16000,1
Yali Good News 007 Picture 7 The Flood 31721_005.wav,15.0,16000,1
Yali Good News 008 Picture 8 Abraham Sarah and Isaac 31721_001.wav,15.0,16000,1
Yali Good News 008 Picture 8 Abraham Sarah and Isaac 31721_002.wav,15.0,16000,1
Yali Good News 008 Picture 8 Abraham Sarah and Isaac 31721_003.wav,15.0,16000,1
Yali Good News 008 Picture 8 Abraham Sarah and Isaac 31721_004.wav,14.571,16000,1
Yali Good News 009 Picture 9 Moses and the Law of God 31721_001.wav,15.0,16000,1
Yali Good News 009 Picture 9 Moses and the Law of God 31721_002.wav,15.0,16000,1
Yali Good News 009 Picture 9 Moses and the Law of God 31721_003.wav,15.0,16000,1
Yali Good News 009 Picture 9 Moses and the Law of God 31721_004.wav,15.0,16000,1
Yali Good News 010 Picture 10 The Ten Commandments 31721_001.wav,15.0,16000,1
Yali Good News 010 Picture 10 The Ten Commandments 31721_002.wav,15.0,16000,1
Yali Good News 010 Picture 10 The Ten Commandments 31721_003.wav,15.0,16000,1
Yali Good News 010 Picture 10 The Ten Commandments 31721_004.wav,15.0,16000,1
Yali Good News 010 Picture 10 The Ten Commandments 31721_005.wav,9.335,16000,1
Yali Good News 011 Picture 11 Sacrifice for Sin 31721_001.wav,15.0,16000,1
Yali Good News 011 Picture 11 Sacrifice for Sin 31721_002.wav,15.0,16000,1
Yali Good News 011 Picture 11 Sacrifice for Sin 31721_003.wav,15.0,16000,1
Yali Good News 011 Picture 11 Sacrifice for Sin 31721_004.wav,15.0,16000,1
Yali Good News 011 Picture 11 Sacrifice for Sin 31721_005.wav,15.0,16000,1
Yali Good News 011 Picture 11 Sacrifice for Sin 31721_006.wav,15.0,16000,1
Yali Good News 011 Picture 11 Sacrifice for Sin 31721_007.wav,8.196,16000,1
Yali Good News 012 Picture 12 A Saviour Promised 31721_001.wav,15.0,16000,1
Yali Good News 012 Picture 12 A Saviour Promised 31721_002.wav,15.0,16000,1
Yali Good News 012 Picture 12 A Saviour Promised 31721_003.wav,15.0,16000,1
Yali Good News 012 Picture 12 A Saviour Promised 31721_004.wav,15.0,16000,1
Yali Good News 012 Picture 12 A Saviour Promised 31721_005.wav,15.0,16000,1
Yali Good News 012 Picture 12 A Saviour Promised 31721_006.wav,15.0,16000,1
Yali Good News 012 Picture 12 A Saviour Promised 31721_007.wav,9.199,16000,1
Yali Good News 013 Picture 13 The Birth of Jesus 31721_001.wav,15.0,16000,1
Yali Good News 013 Picture 13 The Birth of Jesus 31721_002.wav,15.0,16000,1
Yali Good News 013 Picture 13 The Birth of Jesus 31721_003.wav,15.0,16000,1
Yali Good News 013 Picture 13 The Birth of Jesus 31721_004.wav,12.071,16000,1
Yali Good News 014 Picture 14 Jesus the Teacher 31721_001.wav,15.0,16000,1
Yali Good News 014 Picture 14 Jesus the Teacher 31721_002.wav,15.0,16000,1
Yali Good News 014 Picture 14 Jesus the Teacher 31721_003.wav,15.0,16000,1
Yali Good News 014 Picture 14 Jesus the Teacher 31721_004.wav,15.0,16000,1
Yali Good News 014 Picture 14 Jesus the Teacher 31721_005.wav,11.761,16000,1
Yali Good News 015 Picture 15 Miracles of Jesus 31721_001.wav,15.0,16000,1
Yali Good News 015 Picture 15 Miracles of Jesus 31721_002.wav,15.0,16000,1
Yali Good News 015 Picture 15 Miracles of Jesus 31721_003.wav,11.383,16000,1
Yali Good News 016 Picture 16 Jesus Suffers 31721_001.wav,15.0,16000,1
Yali Good News 016 Picture 16 Jesus Suffers 31721_002.wav,15.0,16000,1
Yali Good News 016 Picture 16 Jesus Suffers 31721_003.wav,15.0,16000,1
Yali Good News 016 Picture 16 Jesus Suffers 31721_004.wav,15.0,16000,1
Yali Good News 017 Picture 17 Jesus is Crucified 31721_001.wav,15.0,16000,1
Yali Good News 017 Picture 17 Jesus is Crucified 31721_002.wav,15.0,16000,1
Yali Good News 017 Picture 17 Jesus is Crucified 31721_003.wav,15.0,16000,1
Yali Good News 017 Picture 17 Jesus is Crucified 31721_004.wav,11.068,16000,1
Yali Good News 018 Picture 18 The Resurrection 31721_001.wav,15.0,16000,1
Yali Good News 018 Picture 18 The Resurrection 31721_002.wav,15.0,16000,1
Yali Good News 018 Picture 18 The Resurrection 31721_003.wav,15.0,16000,1
Yali Good News 018 Picture 18 The Resurrection 31721_004.wav,11.622,16000,1
Yali Good News 019 Picture 19 Thomas Believes 31721_001.wav,15.0,16000,1
Yali Good News 019 Picture 19 Thomas Believes 31721_002.wav,15.0,16000,1
Yali Good News 019 Picture 19 Thomas Believes 31721_003.wav,15.0,16000,1
Yali Good News 019 Picture 19 Thomas Believes 31721_004.wav,13.129,16000,1
Yali Good News 020 Picture 20 The Ascension 31721_001.wav,15.0,16000,1
Yali Good News 020 Picture 20 The Ascension 31721_002.wav,15.0,16000,1
Yali Good News 020 Picture 20 The Ascension 31721_003.wav,15.0,16000,1
Yali Good News 020 Picture 20 The Ascension 31721_004.wav,15.0,16000,1
Yali Good News 020 Picture 20 The Ascension 31721_005.wav,15.0,16000,1
Yali Good News 020 Picture 20 The Ascension 31721_006.wav,6.086,16000,1
Yali Good News 021 Picture 21 The Empty Cross 31721_001.wav,15.0,16000,1
Yali Good News 021 Picture 21 The Empty Cross 31721_002.wav,15.0,16000,1
Yali Good News 021 Picture 21 The Empty Cross 31721_003.wav,15.0,16000,1
Yali Good News 021 Picture 21 The Empty Cross 31721_004.wav,15.0,16000,1
Yali Good News 021 Picture 21 The Empty Cross 31721_005.wav,15.0,16000,1
Yali Good News 021 Picture 21 The Empty Cross 31721_006.wav,14.811,16000,1
Yali Good News 022 Picture 22 The Two Roads 31721_001.wav,15.0,16000,1
Yali Good News 022 Picture 22 The Two Roads 31721_002.wav,15.0,16000,1
Yali Good News 022 Picture 22 The Two Roads 31721_003.wav,15.0,16000,1
Yali Good News 022 Picture 22 The Two Roads 31721_004.wav,15.0,16000,1
Yali Good News 022 Picture 22 The Two Roads 31721_005.wav,15.0,16000,1
Yali Good News 022 Picture 22 The Two Roads 31721_006.wav,15.0,16000,1
Yali Good News 022 Picture 22 The Two Roads 31721_007.wav,13.914,16000,1
Yali Good News 023 Picture 23 God's Children 31721_001.wav,15.0,16000,1
Yali Good News 023 Picture 23 God's Children 31721_002.wav,15.0,16000,1
Yali Good News 023 Picture 23 God's Children 31721_003.wav,15.0,16000,1
Yali Good News 023 Picture 23 God's Children 31721_004.wav,15.0,16000,1
Yali Good News 023 Picture 23 God's Children 31721_005.wav,5.745,16000,1
Yali Good News 024 Picture 24 Born Again 31721_001.wav,15.0,16000,1
Yali Good News 024 Picture 24 Born Again 31721_002.wav,15.0,16000,1
Yali Good News 024 Picture 24 Born Again 31721_003.wav,15.0,16000,1
Yali Good News 024 Picture 24 Born Again 31721_004.wav,15.0,16000,1
Yali Good News 024 Picture 24 Born Again 31721_005.wav,15.0,16000,1
Yali Good News 024 Picture 24 Born Again 31721_006.wav,8.948,16000,1
Yali Good News 025 Picture 25 The Holy Spirit Comes 31721_001.wav,15.0,16000,1
Yali Good News 025 Picture 25 The Holy Spirit Comes 31721_002.wav,15.0,16000,1
Yali Good News 025 Picture 25 The Holy Spirit Comes 31721_003.wav,15.0,16000,1
Yali Good News 025 Picture 25 The Holy Spirit Comes 31721_004.wav,15.0,16000,1
Yali Good News 025 Picture 25 The Holy Spirit Comes 31721_005.wav,15.0,16000,1
Yali Good News 025 Picture 25 The Holy Spirit Comes 31721_006.wav,5.528,16000,1
Yali Good News 026 Picture 26 Walking in the Light 31721_001.wav,15.0,16000,1
Yali Good News 026 Picture 26 Walking in the Light 31721_002.wav,15.0,16000,1
Yali Good News 026 Picture 26 Walking in the Light 31721_003.wav,15.0,16000,1
Yali Good News 026 Picture 26 Walking in the Light 31721_004.wav,14.651,16000,1
Yali Good News 027 Picture 27 A New Person 31721_001.wav,15.0,16000,1
Yali Good News 027 Picture 27 A New Person 31721_002.wav,15.0,16000,1
Yali Good News 027 Picture 27 A New Person 31721_003.wav,15.0,16000,1
Yali Good News 028 Picture 28 The Christian Family 31721_001.wav,15.0,16000,1
Yali Good News 028 Picture 28 The Christian Family 31721_002.wav,15.0,16000,1
Yali Good News 028 Picture 28 The Christian Family 31721_003.wav,15.0,16000,1
Yali Good News 028 Picture 28 The Christian Family 31721_004.wav,8.932,16000,1
Yali Good News 029 Picture 29 Love Your Enemies 31721_001.wav,15.0,16000,1
Yali Good News 029 Picture 29 Love Your Enemies 31721_002.wav,15.0,16000,1
Yali Good News 029 Picture 29 Love Your Enemies 31721_003.wav,15.0,16000,1
Yali Good News 029 Picture 29 Love Your Enemies 31721_004.wav,6.455,16000,1
Yali Good News 030 Picture 30 Jesus is the Powerful One 31721_001.wav,15.0,16000,1
Yali Good News 030 Picture 30 Jesus is the Powerful One 31721_002.wav,15.0,16000,1
Yali Good News 030 Picture 30 Jesus is the Powerful One 31721_003.wav,15.0,16000,1
Yali Good News 030 Picture 30 Jesus is the Powerful One 31721_004.wav,15.0,16000,1
Yali Good News 030 Picture 30 Jesus is the Powerful One 31721_005.wav,15.0,16000,1
Yali Good News 030 Picture 30 Jesus is the Powerful One 31721_006.wav,13.187,16000,1
Yali Good News 031 Picture 31 Casting out Evil Spirits 31721_001.wav,15.0,16000,1
Yali Good News 031 Picture 31 Casting out Evil Spirits 31721_002.wav,15.0,16000,1
Yali Good News 031 Picture 31 Casting out Evil Spirits 31721_003.wav,15.0,16000,1
Yali Good News 031 Picture 31 Casting out Evil Spirits 31721_004.wav,15.0,16000,1
Yali Good News 031 Picture 31 Casting out Evil Spirits 31721_005.wav,15.0,16000,1
Yali Good News 031 Picture 31 Casting out Evil Spirits 31721_006.wav,15.0,16000,1
Yali Good News 031 Picture 31 Casting out Evil Spirits 31721_007.wav,15.0,16000,1
Yali Good News 031 Picture 31 Casting out Evil Spirits 31721_008.wav,15.0,16000,1
Yali Good News 031 Picture 31 Casting out Evil Spirits 31721_009.wav,5.835,16000,1
Yali Good News 032 Picture 32 Temptation 31721_001.wav,15.0,16000,1
Yali Good News 032 Picture 32 Temptation 31721_002.wav,15.0,16000,1
Yali Good News 032 Picture 32 Temptation 31721_003.wav,15.0,16000,1
Yali Good News 032 Picture 32 Temptation 31721_004.wav,15.0,16000,1
Yali Good News 032 Picture 32 Temptation 31721_005.wav,15.0,16000,1
Yali Good News 032 Picture 32 Temptation 31721_006.wav,15.0,16000,1
Yali Good News 032 Picture 32 Temptation 31721_007.wav,15.0,16000,1
Yali Good News 032 Picture 32 Temptation 31721_008.wav,9.697,16000,1
Yali Good News 033 Picture 33 If We Sin 31721_001.wav,15.0,16000,1
Yali Good News 033 Picture 33 If We Sin 31721_002.wav,15.0,16000,1
Yali Good News 033 Picture 33 If We Sin 31721_003.wav,15.0,16000,1
Yali Good News 033 Picture 33 If We Sin 31721_004.wav,15.0,16000,1
Yali Good News 033 Picture 33 If We Sin 31721_005.wav,15.0,16000,1
Yali Good News 033 Picture 33 If We Sin 31721_006.wav,15.0,16000,1
Yali Good News 033 Picture 33 If We Sin 31721_007.wav,7.957,16000,1
Yali Good News 034 Picture 34 Sickness 31721_001.wav,15.0,16000,1
Yali Good News 034 Picture 34 Sickness 31721_002.wav,15.0,16000,1
Yali Good News 034 Picture 34 Sickness 31721_003.wav,15.0,16000,1
Yali Good News 034 Picture 34 Sickness 31721_004.wav,15.0,16000,1
Yali Good News 034 Picture 34 Sickness 31721_005.wav,15.0,16000,1
Yali Good News 034 Picture 34 Sickness 31721_006.wav,15.0,16000,1
Yali Good News 034 Picture 34 Sickness 31721_007.wav,6.251,16000,1
Yali Good News 035 Picture 35 Death 31721_001.wav,15.0,16000,1
Yali Good News 035 Picture 35 Death 31721_002.wav,15.0,16000,1
Yali Good News 035 Picture 35 Death 31721_003.wav,15.0,16000,1
Yali Good News 036 Picture 36 The Body of Christ 31721_001.wav,15.0,16000,1
Yali Good News 036 Picture 36 The Body of Christ 31721_002.wav,15.0,16000,1
Yali Good News 036 Picture 36 The Body of Christ 31721_003.wav,15.0,16000,1
Yali Good News 036 Picture 36 The Body of Christ 31721_004.wav,15.0,16000,1
Yali Good News 036 Picture 36 The Body of Christ 31721_005.wav,15.0,16000,1
Yali Good News 036 Picture 36 The Body of Christ 31721_006.wav,15.0,16000,1
Yali Good News 036 Picture 36 The Body of Christ 31721_007.wav,14.214,16000,1
Yali Good News 037 Picture 37 Meeting for Worship 31721_001.wav,15.0,16000,1
Yali Good News 037 Picture 37 Meeting for Worship 31721_002.wav,15.0,16000,1
Yali Good News 037 Picture 37 Meeting for Worship 31721_003.wav,15.0,16000,1
Yali Good News 037 Picture 37 Meeting for Worship 31721_004.wav,15.0,16000,1
Yali Good News 037 Picture 37 Meeting for Worship 31721_005.wav,8.121,16000,1
Yali Good News 038 Picture 38 Jesus Will Return 31721_001.wav,15.0,16000,1
Yali Good News 038 Picture 38 Jesus Will Return 31721_002.wav,15.0,16000,1
Yali Good News 038 Picture 38 Jesus Will Return 31721_003.wav,15.0,16000,1
Yali Good News 038 Picture 38 Jesus Will Return 31721_004.wav,15.0,16000,1
Yali Good News 038 Picture 38 Jesus Will Return 31721_005.wav,15.0,16000,1
Yali Good News 039 Picture 39 Bearing Fruit 31721_001.wav,15.0,16000,1
Yali Good News 039 Picture 39 Bearing Fruit 31721_002.wav,15.0,16000,1
Yali Good News 039 Picture 39 Bearing Fruit 31721_003.wav,15.0,16000,1
Yali Good News 039 Picture 39 Bearing Fruit 31721_004.wav,15.0,16000,1
Yali Good News 039 Picture 39 Bearing Fruit 31721_005.wav,15.0,16000,1
Yali Good News 039 Picture 39 Bearing Fruit 31721_006.wav,7.278,16000,1
Yali Good News 040 Picture 40 Witnessing 31721_001.wav,15.0,16000,1
Yali Good News 040 Picture 40 Witnessing 31721_002.wav,15.0,16000,1
Yali Good News 040 Picture 40 Witnessing 31721_003.wav,15.0,16000,1
Yali Good News 040 Picture 40 Witnessing 31721_004.wav,15.0,16000,1
Yali Good News 040 Picture 40 Witnessing 31721_005.wav,15.0,16000,1
Yali Good News 040 Picture 40 Witnessing 31721_006.wav,15.0,16000,1
Yali Good News 040 Picture 40 Witnessing 31721_007.wav,14.548,16000,1
Yali LLL 7 JESUS - Lord Saviour 001 Introduction 65173_001.wav,15.0,16000,1
Yali LLL 7 JESUS - Lord Saviour 001 Introduction 65173_002.wav,15.0,16000,1
Yali LLL 7 JESUS - Lord Saviour 001 Introduction 65173_003.wav,15.0,16000,1
Yali LLL 7 JESUS - Lord Saviour 001 Introduction 65173_004.wav,9.02,16000,1
Yali LLL 7 JESUS - Lord Saviour 002 Picture 1 The Birth of Jesus 65173_001.wav,15.0,16000,1
Yali LLL 7 JESUS - Lord Saviour 002 Picture 1 The Birth of Jesus 65173_002.wav,15.0,16000,1
Yali LLL 7 JESUS - Lord Saviour 002 Picture 1 The Birth of Jesus 65173_003.wav,15.0,16000,1
Yali LLL 7 JESUS - Lord Saviour 002 Picture 1 The Birth of Jesus 65173_004.wav,15.0,16000,1
Yali LLL 7 JESUS - Lord Saviour 002 Picture 1 The Birth of Jesus 65173_005.wav,15.0,16000,1
Yali LLL 7 JESUS - Lord Saviour 002 Picture 1 The Birth of Jesus 65173_006.wav,15.0,16000,1
Yali LLL 7 JESUS - Lord Saviour 002 Picture 1 The Birth of Jesus 65173_007.wav,15.0,16000,1
Yali LLL 7 JESUS - Lord Saviour 002 Picture 1 The Birth of Jesus 65173_008.wav,12.834,16000,1
Yali LLL 7 JESUS - Lord Saviour 003 Picture 2 Jesus Turns Water into Wine 65173_001.wav,15.0,16000,1
Yali LLL 7 JESUS - Lord Saviour 003 Picture 2 Jesus Turns Water into Wine 65173_002.wav,15.0,16000,1
Yali LLL 7 JESUS - Lord Saviour 003 Picture 2 Jesus Turns Water into Wine 65173_003.wav,15.0,16000,1
Yali LLL 7 JESUS - Lord Saviour 003 Picture 2 Jesus Turns Water into Wine 65173_004.wav,15.0,16000,1
Yali LLL 7 JESUS - Lord Saviour 003 Picture 2 Jesus Turns Water into Wine 65173_005.wav,15.0,16000,1
Yali LLL 7 JESUS - Lord Saviour 003 Picture 2 Jesus Turns Water into Wine 65173_006.wav,15.0,16000,1
Yali LLL 7 JESUS - Lord Saviour 003 Picture 2 Jesus Turns Water into Wine 65173_007.wav,14.225,16000,1
Yali LLL 7 JESUS - Lord Saviour 004 Picture 3 Jesus Speaks to Nicodemus 65173_001.wav,15.0,16000,1
Yali LLL 7 JESUS - Lord Saviour 004 Picture 3 Jesus Speaks to Nicodemus 65173_002.wav,15.0,16000,1
Yali LLL 7 JESUS - Lord Saviour 004 Picture 3 Jesus Speaks to Nicodemus 65173_003.wav,15.0,16000,1
Yali LLL 7 JESUS - Lord Saviour 004 Picture 3 Jesus Speaks to Nicodemus 65173_004.wav,15.0,16000,1
Yali LLL 7 JESUS - Lord Saviour 004 Picture 3 Jesus Speaks to Nicodemus 65173_005.wav,15.0,16000,1
Yali LLL 7 JESUS - Lord Saviour 004 Picture 3 Jesus Speaks to Nicodemus 65173_006.wav,15.0,16000,1
Yali LLL 7 JESUS - Lord Saviour 004 Picture 3 Jesus Speaks to Nicodemus 65173_007.wav,15.0,16000,1
Yali LLL 7 JESUS - Lord Saviour 004 Picture 3 Jesus Speaks to Nicodemus 65173_008.wav,15.0,16000,1
Yali LLL 7 JESUS - Lord Saviour 004 Picture 3 Jesus Speaks to Nicodemus 65173_009.wav,15.0,16000,1
Yali LLL 7 JESUS - Lord Saviour 004 Picture 3 Jesus Speaks to Nicodemus 65173_010.wav,15.0,16000,1
Yali LLL 7 JESUS - Lord Saviour 004 Picture 3 Jesus Speaks to Nicodemus 65173_011.wav,15.0,16000,1
Yali LLL 7 JESUS - Lord Saviour 004 Picture 3 Jesus Speaks to Nicodemus 65173_012.wav,8.987,16000,1
Yali LLL 7 JESUS - Lord Saviour 005 Picture 4 A Ruler Kneels before Jesus 65173_001.wav,15.0,16000,1
Yali LLL 7 JESUS - Lord Saviour 005 Picture 4 A Ruler Kneels before Jesus 65173_002.wav,15.0,16000,1
Yali LLL 7 JESUS - Lord Saviour 005 Picture 4 A Ruler Kneels before Jesus 65173_003.wav,15.0,16000,1
Yali LLL 7 JESUS - Lord Saviour 005 Picture 4 A Ruler Kneels before Jesus 65173_004.wav,15.0,16000,1
Yali LLL 7 JESUS - Lord Saviour 005 Picture 4 A Ruler Kneels before Jesus 65173_005.wav,15.0,16000,1
Yali LLL 7 JESUS - Lord Saviour 005 Picture 4 A Ruler Kneels before Jesus 65173_006.wav,15.0,16000,1
Yali LLL 7 JESUS - Lord Saviour 005 Picture 4 A Ruler Kneels before Jesus 65173_007.wav,9.535,16000,1
Yali LLL 7 JESUS - Lord Saviour 006 Picture 5 The Sick Man at the Pool 65173_001.wav,15.0,16000,1
Yali LLL 7 JESUS - Lord Saviour 006 Picture 5 The Sick Man at the Pool 65173_002.wav,15.0,16000,1
Yali LLL 7 JESUS - Lord Saviour 006 Picture 5 The Sick Man at the Pool 65173_003.wav,15.0,16000,1
Yali LLL 7 JESUS - Lord Saviour 006 Picture 5 The Sick Man at the Pool 65173_004.wav,15.0,16000,1
Yali LLL 7 JESUS - Lord Saviour 006 Picture 5 The Sick Man at the Pool 65173_005.wav,15.0,16000,1
Yali LLL 7 JESUS - Lord Saviour 006 Picture 5 The Sick Man at the Pool 65173_006.wav,15.0,16000,1
Yali LLL 7 JESUS - Lord Saviour 006 Picture 5 The Sick Man at the Pool 65173_007.wav,15.0,16000,1
Yali LLL 7 JESUS - Lord Saviour 006 Picture 5 The Sick Man at the Pool 65173_008.wav,15.0,16000,1
Yali LLL 7 JESUS - Lord Saviour 006 Picture 5 The Sick Man at the Pool 65173_009.wav,15.0,16000,1
Yali LLL 7 JESUS - Lord Saviour 007 Picture 6 Jesus Feeds 5000 People 65173_001.wav,15.0,16000,1
Yali LLL 7 JESUS - Lord Saviour 007 Picture 6 Jesus Feeds 5000 People 65173_002.wav,15.0,16000,1
Yali LLL 7 JESUS - Lord Saviour 007 Picture 6 Jesus Feeds 5000 People 65173_003.wav,15.0,16000,1
Yali LLL 7 JESUS - Lord Saviour 007 Picture 6 Jesus Feeds 5000 People 65173_004.wav,15.0,16000,1
Yali LLL 7 JESUS - Lord Saviour 007 Picture 6 Jesus Feeds 5000 People 65173_005.wav,15.0,16000,1
Yali LLL 7 JESUS - Lord Saviour 007 Picture 6 Jesus Feeds 5000 People 65173_006.wav,15.0,16000,1
Yali LLL 7 JESUS - Lord Saviour 007 Picture 6 Jesus Feeds 5000 People 65173_007.wav,15.0,16000,1
Yali LLL 7 JESUS - Lord Saviour 007 Picture 6 Jesus Feeds 5000 People 65173_008.wav,8.496,16000,1
Yali LLL 7 JESUS - Lord Saviour 008 Picture 7 Jesus Walks on the Water 65173_001.wav,15.0,16000,1
Yali LLL 7 JESUS - Lord Saviour 008 Picture 7 Jesus Walks on the Water 65173_002.wav,15.0,16000,1
Yali LLL 7 JESUS - Lord Saviour 008 Picture 7 Jesus Walks on the Water 65173_003.wav,15.0,16000,1
Yali LLL 7 JESUS - Lord Saviour 008 Picture 7 Jesus Walks on the Water 65173_004.wav,15.0,16000,1
Yali LLL 7 JESUS - Lord Saviour 008 Picture 7 Jesus Walks on the Water 65173_005.wav,15.0,16000,1
Yali LLL 7 JESUS - Lord Saviour 008 Picture 7 Jesus Walks on the Water 65173_006.wav,15.0,16000,1
Yali LLL 7 JESUS - Lord Saviour 008 Picture 7 Jesus Walks on the Water 65173_007.wav,15.0,16000,1
Yali LLL 7 JESUS - Lord Saviour 008 Picture 7 Jesus Walks on the Water 65173_008.wav,14.819,16000,1
Yali LLL 7 JESUS - Lord Saviour 009 Picture 8 Jesus Heals a Blind Man 65173_001.wav,15.0,16000,1
Yali LLL 7 JESUS - Lord Saviour 009 Picture 8 Jesus Heals a Blind Man 65173_002.wav,15.0,16000,1
Yali LLL 7 JESUS - Lord Saviour 009 Picture 8 Jesus Heals a Blind Man 65173_003.wav,15.0,16000,1
Yali LLL 7 JESUS - Lord Saviour 009 Picture 8 Jesus Heals a Blind Man 65173_004.wav,15.0,16000,1
Yali LLL 7 JESUS - Lord Saviour 009 Picture 8 Jesus Heals a Blind Man 65173_005.wav,15.0,16000,1
Yali LLL 7 JESUS - Lord Saviour 009 Picture 8 Jesus Heals a Blind Man 65173_006.wav,13.088,16000,1
Yali LLL 7 JESUS - Lord Saviour 010 Picture 9 Jesus Calls Lazarus from Death 65173_001.wav,15.0,16000,1
Yali LLL 7 JESUS - Lord Saviour 010 Picture 9 Jesus Calls Lazarus from Death 65173_002.wav,15.0,16000,1
Yali LLL 7 JESUS - Lord Saviour 010 Picture 9 Jesus Calls Lazarus from Death 65173_003.wav,15.0,16000,1
Yali LLL 7 JESUS - Lord Saviour 010 Picture 9 Jesus Calls Lazarus from Death 65173_004.wav,15.0,16000,1
Yali LLL 7 JESUS - Lord Saviour 010 Picture 9 Jesus Calls Lazarus from Death 65173_005.wav,15.0,16000,1
Yali LLL 7 JESUS - Lord Saviour 010 Picture 9 Jesus Calls Lazarus from Death 65173_006.wav,15.0,16000,1
Yali LLL 7 JESUS - Lord Saviour 010 Picture 9 Jesus Calls Lazarus from Death 65173_007.wav,13.268,16000,1
Yali LLL 7 JESUS - Lord Saviour 011 Picture 10 Jesus Dies on the Cross 65173_001.wav,15.0,16000,1
Yali LLL 7 JESUS - Lord Saviour 011 Picture 10 Jesus Dies on the Cross 65173_002.wav,15.0,16000,1
Yali LLL 7 JESUS - Lord Saviour 011 Picture 10 Jesus Dies on the Cross 65173_003.wav,15.0,16000,1
Yali LLL 7 JESUS - Lord Saviour 011 Picture 10 Jesus Dies on the Cross 65173_004.wav,15.0,16000,1
Yali LLL 7 JESUS - Lord Saviour 011 Picture 10 Jesus Dies on the Cross 65173_005.wav,15.0,16000,1
Yali LLL 7 JESUS - Lord Saviour 011 Picture 10 Jesus Dies on the Cross 65173_006.wav,15.0,16000,1
Yali LLL 7 JESUS - Lord Saviour 011 Picture 10 Jesus Dies on the Cross 65173_007.wav,15.0,16000,1
Yali LLL 7 JESUS - Lord Saviour 011 Picture 10 Jesus Dies on the Cross 65173_008.wav,12.61,16000,1
Yali LLL 7 JESUS - Lord Saviour 012 Picture 11 Mary and Jesus at the Tomb 65173_001.wav,15.0,16000,1
Yali LLL 7 JESUS - Lord Saviour 012 Picture 11 Mary and Jesus at the Tomb 65173_002.wav,15.0,16000,1
Yali LLL 7 JESUS - Lord Saviour 012 Picture 11 Mary and Jesus at the Tomb 65173_003.wav,15.0,16000,1
Yali LLL 7 JESUS - Lord Saviour 012 Picture 11 Mary and Jesus at the Tomb 65173_004.wav,15.0,16000,1
Yali LLL 7 JESUS - Lord Saviour 012 Picture 11 Mary and Jesus at the Tomb 65173_005.wav,15.0,16000,1
Yali LLL 7 JESUS - Lord Saviour 012 Picture 11 Mary and Jesus at the Tomb 65173_006.wav,15.0,16000,1
Yali LLL 7 JESUS - Lord Saviour 012 Picture 11 Mary and Jesus at the Tomb 65173_007.wav,5.421,16000,1
Yali LLL 7 JESUS - Lord Saviour 013 Picture 12 Jesus Appears to His Friends 65173_001.wav,15.0,16000,1
Yali LLL 7 JESUS - Lord Saviour 013 Picture 12 Jesus Appears to His Friends 65173_002.wav,15.0,16000,1
Yali LLL 7 JESUS - Lord Saviour 013 Picture 12 Jesus Appears to His Friends 65173_003.wav,15.0,16000,1
Yali LLL 7 JESUS - Lord Saviour 013 Picture 12 Jesus Appears to His Friends 65173_004.wav,15.0,16000,1
Yali LLL 7 JESUS - Lord Saviour 013 Picture 12 Jesus Appears to His Friends 65173_005.wav,15.0,16000,1
Yali LLL 7 JESUS - Lord Saviour 013 Picture 12 Jesus Appears to His Friends 65173_006.wav,14.079,16000,1
Yali LLL 7 JESUS - Lord Saviour 014 Picture 13 Jesus Teaches Two Friends 65173_001.wav,15.0,16000,1
Yali LLL 7 JESUS - Lord Saviour 014 Picture 13 Jesus Teaches Two Friends 65173_002.wav,15.0,16000,1
Yali LLL 7 JESUS - Lord Saviour 014 Picture 13 Jesus Teaches Two Friends 65173_003.wav,15.0,16000,1
Yali LLL 7 JESUS - Lord Saviour 014 Picture 13 Jesus Teaches Two Friends 65173_004.wav,15.0,16000,1
Yali LLL 7 JESUS - Lord Saviour 014 Picture 13 Jesus Teaches Two Friends 65173_005.wav,15.0,16000,1
Yali LLL 7 JESUS - Lord Saviour 014 Picture 13 Jesus Teaches Two Friends 65173_006.wav,15.0,16000,1
Yali LLL 7 JESUS - Lord Saviour 014 Picture 13 Jesus Teaches Two Friends 65173_007.wav,13.497,16000,1
Yali LLL 7 JESUS - Lord Saviour 015 Picture 14 The Son Among the Pigs 65173_001.wav,15.0,16000,1
Yali LLL 7 JESUS - Lord Saviour 015 Picture 14 The Son Among the Pigs 65173_002.wav,15.0,16000,1
Yali LLL 7 JESUS - Lord Saviour 015 Picture 14 The Son Among the Pigs 65173_003.wav,15.0,16000,1
Yali LLL 7 JESUS - Lord Saviour 015 Picture 14 The Son Among the Pigs 65173_004.wav,15.0,16000,1
Yali LLL 7 JESUS - Lord Saviour 015 Picture 14 The Son Among the Pigs 65173_005.wav,15.0,16000,1
Yali LLL 7 JESUS - Lord Saviour 015 Picture 14 The Son Among the Pigs 65173_006.wav,15.0,16000,1
Yali LLL 7 JESUS - Lord Saviour 016 Picture 15 The Lost Son Comes Home 65173_001.wav,15.0,16000,1
Yali LLL 7 JESUS - Lord Saviour 016 Picture 15 The Lost Son Comes Home 65173_002.wav,15.0,16000,1
Yali LLL 7 JESUS - Lord Saviour 016 Picture 15 The Lost Son Comes Home 65173_003.wav,15.0,16000,1
Yali LLL 7 JESUS - Lord Saviour 016 Picture 15 The Lost Son Comes Home 65173_004.wav,15.0,16000,1
Yali LLL 7 JESUS - Lord Saviour 016 Picture 15 The Lost Son Comes Home 65173_005.wav,15.0,16000,1
Yali LLL 7 JESUS - Lord Saviour 016 Picture 15 The Lost Son Comes Home 65173_006.wav,15.0,16000,1
Yali LLL 7 JESUS - Lord Saviour 016 Picture 15 The Lost Son Comes Home 65173_007.wav,15.0,16000,1
Yali LLL 7 JESUS - Lord Saviour 016 Picture 15 The Lost Son Comes Home 65173_008.wav,15.0,16000,1
Yali LLL 7 JESUS - Lord Saviour 016 Picture 15 The Lost Son Comes Home 65173_009.wav,15.0,16000,1
Yali LLL 7 JESUS - Lord Saviour 016 Picture 15 The Lost Son Comes Home 65173_010.wav,15.0,16000,1
Yali LLL 7 JESUS - Lord Saviour 016 Picture 15 The Lost Son Comes Home 65173_011.wav,15.0,16000,1
Yali LLL 7 JESUS - Lord Saviour 016 Picture 15 The Lost Son Comes Home 65173_012.wav,13.177,16000,1
Yali LLL 7 JESUS - Lord Saviour 017 Picture 16 The Wealth of a Rich Man 65173_001.wav,15.0,16000,1
Yali LLL 7 JESUS - Lord Saviour 017 Picture 16 The Wealth of a Rich Man 65173_002.wav,15.0,16000,1
Yali LLL 7 JESUS - Lord Saviour 017 Picture 16 The Wealth of a Rich Man 65173_003.wav,15.0,16000,1
Yali LLL 7 JESUS - Lord Saviour 017 Picture 16 The Wealth of a Rich Man 65173_004.wav,15.0,16000,1
Yali LLL 7 JESUS - Lord Saviour 017 Picture 16 The Wealth of a Rich Man 65173_005.wav,15.0,16000,1
Yali LLL 7 JESUS - Lord Saviour 017 Picture 16 The Wealth of a Rich Man 65173_006.wav,15.0,16000,1
Yali LLL 7 JESUS - Lord Saviour 017 Picture 16 The Wealth of a Rich Man 65173_007.wav,13.421,16000,1
Yali LLL 7 JESUS - Lord Saviour 018 Picture 17 The Beggar and the Rich Man 65173_001.wav,15.0,16000,1
Yali LLL 7 JESUS - Lord Saviour 018 Picture 17 The Beggar and the Rich Man 65173_002.wav,15.0,16000,1
Yali LLL 7 JESUS - Lord Saviour 018 Picture 17 The Beggar and the Rich Man 65173_003.wav,15.0,16000,1
Yali LLL 7 JESUS - Lord Saviour 018 Picture 17 The Beggar and the Rich Man 65173_004.wav,15.0,16000,1
Yali LLL 7 JESUS - Lord Saviour 018 Picture 17 The Beggar and the Rich Man 65173_005.wav,15.0,16000,1
Yali LLL 7 JESUS - Lord Saviour 018 Picture 17 The Beggar and the Rich Man 65173_006.wav,15.0,16000,1
Yali LLL 7 JESUS - Lord Saviour 018 Picture 17 The Beggar and the Rich Man 65173_007.wav,15.0,16000,1
Yali LLL 7 JESUS - Lord Saviour 018 Picture 17 The Beggar and the Rich Man 65173_008.wav,15.0,16000,1
Yali LLL 7 JESUS - Lord Saviour 018 Picture 17 The Beggar and the Rich Man 65173_009.wav,7.914,16000,1
Yali LLL 7 JESUS - Lord Saviour 019 Picture 18 The Friend at the Door 65173_001.wav,15.0,16000,1
Yali LLL 7 JESUS - Lord Saviour 019 Picture 18 The Friend at the Door 65173_002.wav,15.0,16000,1
Yali LLL 7 JESUS - Lord Saviour 019 Picture 18 The Friend at the Door 65173_003.wav,15.0,16000,1
Yali LLL 7 JESUS - Lord Saviour 019 Picture 18 The Friend at the Door 65173_004.wav,15.0,16000,1
Yali LLL 7 JESUS - Lord Saviour 019 Picture 18 The Friend at the Door 65173_005.wav,15.0,16000,1
Yali LLL 7 JESUS - Lord Saviour 019 Picture 18 The Friend at the Door 65173_006.wav,15.0,16000,1
Yali LLL 7 JESUS - Lord Saviour 019 Picture 18 The Friend at the Door 65173_007.wav,15.0,16000,1
Yali LLL 7 JESUS - Lord Saviour 019 Picture 18 The Friend at the Door 65173_008.wav,15.0,16000,1
Yali LLL 7 JESUS - Lord Saviour 019 Picture 18 The Friend at the Door 65173_009.wav,15.0,16000,1
Yali LLL 7 JESUS - Lord Saviour 019 Picture 18 The Friend at the Door 65173_010.wav,10.075,16000,1
Yali LLL 7 JESUS - Lord Saviour 020 Picture 19 Two Men in God's House 65173_001.wav,15.0,16000,1
Yali LLL 7 JESUS - Lord Saviour 020 Picture 19 Two Men in God's House 65173_002.wav,15.0,16000,1
Yali LLL 7 JESUS - Lord Saviour 020 Picture 19 Two Men in God's House 65173_003.wav,15.0,16000,1
Yali LLL 7 JESUS - Lord Saviour 020 Picture 19 Two Men in God's House 65173_004.wav,15.0,16000,1
Yali LLL 7 JESUS - Lord Saviour 020 Picture 19 Two Men in God's House 65173_005.wav,15.0,16000,1
Yali LLL 7 JESUS - Lord Saviour 020 Picture 19 Two Men in God's House 65173_006.wav,15.0,16000,1
Yali LLL 7 JESUS - Lord Saviour 020 Picture 19 Two Men in God's House 65173_007.wav,15.0,16000,1
Yali LLL 7 JESUS - Lord Saviour 020 Picture 19 Two Men in God's House 65173_008.wav,14.134,16000,1
Yali LLL 7 JESUS - Lord Saviour 021 Picture 20 A Man Sows His Seed 65173_001.wav,15.0,16000,1
Yali LLL 7 JESUS - Lord Saviour 021 Picture 20 A Man Sows His Seed 65173_002.wav,15.0,16000,1
Yali LLL 7 JESUS - Lord Saviour 021 Picture 20 A Man Sows His Seed 65173_003.wav,15.0,16000,1
Yali LLL 7 JESUS - Lord Saviour 021 Picture 20 A Man Sows His Seed 65173_004.wav,15.0,16000,1
Yali LLL 7 JESUS - Lord Saviour 021 Picture 20 A Man Sows His Seed 65173_005.wav,15.0,16000,1
Yali LLL 7 JESUS - Lord Saviour 021 Picture 20 A Man Sows His Seed 65173_006.wav,15.0,16000,1
Yali LLL 7 JESUS - Lord Saviour 021 Picture 20 A Man Sows His Seed 65173_007.wav,15.0,16000,1
Yali LLL 7 JESUS - Lord Saviour 021 Picture 20 A Man Sows His Seed 65173_008.wav,15.0,16000,1
Yali LLL 7 JESUS - Lord Saviour 022 Picture 21 The Seed Grows 65173_001.wav,15.0,16000,1
Yali LLL 7 JESUS - Lord Saviour 022 Picture 21 The Seed Grows 65173_002.wav,15.0,16000,1
Yali LLL 7 JESUS - Lord Saviour 022 Picture 21 The Seed Grows 65173_003.wav,15.0,16000,1
Yali LLL 7 JESUS - Lord Saviour 022 Picture 21 The Seed Grows 65173_004.wav,15.0,16000,1
Yali LLL 7 JESUS - Lord Saviour 022 Picture 21 The Seed Grows 65173_005.wav,15.0,16000,1
Yali LLL 7 JESUS - Lord Saviour 022 Picture 21 The Seed Grows 65173_006.wav,15.0,16000,1
Yali LLL 7 JESUS - Lord Saviour 022 Picture 21 The Seed Grows 65173_007.wav,15.0,16000,1
Yali LLL 7 JESUS - Lord Saviour 022 Picture 21 The Seed Grows 65173_008.wav,15.0,16000,1
Yali LLL 7 JESUS - Lord Saviour 022 Picture 21 The Seed Grows 65173_009.wav,15.0,16000,1
Yali LLL 7 JESUS - Lord Saviour 022 Picture 21 The Seed Grows 65173_010.wav,14.341,16000,1
Yali LLL 7 JESUS - Lord Saviour 023 Picture 22 Help for an Injured Man 65173_001.wav,15.0,16000,1
Yali LLL 7 JESUS - Lord Saviour 023 Picture 22 Help for an Injured Man 65173_002.wav,15.0,16000,1
Yali LLL 7 JESUS - Lord Saviour 023 Picture 22 Help for an Injured Man 65173_003.wav,15.0,16000,1
Yali LLL 7 JESUS - Lord Saviour 023 Picture 22 Help for an Injured Man 65173_004.wav,15.0,16000,1
Yali LLL 7 JESUS - Lord Saviour 023 Picture 22 Help for an Injured Man 65173_005.wav,15.0,16000,1
Yali LLL 7 JESUS - Lord Saviour 023 Picture 22 Help for an Injured Man 65173_006.wav,15.0,16000,1
Yali LLL 7 JESUS - Lord Saviour 023 Picture 22 Help for an Injured Man 65173_007.wav,15.0,16000,1
Yali LLL 7 JESUS - Lord Saviour 023 Picture 22 Help for an Injured Man 65173_008.wav,13.219,16000,1
Yali LLL 7 JESUS - Lord Saviour 024 Picture 23 The House Owner Comes Home 65173_001.wav,15.0,16000,1
Yali LLL 7 JESUS - Lord Saviour 024 Picture 23 The House Owner Comes Home 65173_002.wav,15.0,16000,1
Yali LLL 7 JESUS - Lord Saviour 024 Picture 23 The House Owner Comes Home 65173_003.wav,15.0,16000,1
Yali LLL 7 JESUS - Lord Saviour 024 Picture 23 The House Owner Comes Home 65173_004.wav,15.0,16000,1
Yali LLL 7 JESUS - Lord Saviour 024 Picture 23 The House Owner Comes Home 65173_005.wav,15.0,16000,1
Yali LLL 7 JESUS - Lord Saviour 024 Picture 23 The House Owner Comes Home 65173_006.wav,15.0,16000,1
Yali LLL 7 JESUS - Lord Saviour 024 Picture 23 The House Owner Comes Home 65173_007.wav,15.0,16000,1
Yali LLL 7 JESUS - Lord Saviour 024 Picture 23 The House Owner Comes Home 65173_008.wav,15.0,16000,1
Yali LLL 7 JESUS - Lord Saviour 024 Picture 23 The House Owner Comes Home 65173_009.wav,7.381,16000,1
Yali LLL 7 JESUS - Lord Saviour 025 Picture 24 The Man up a Tree 65173_001.wav,15.0,16000,1
Yali LLL 7 JESUS - Lord Saviour 025 Picture 24 The Man up a Tree 65173_002.wav,15.0,16000,1
Yali LLL 7 JESUS - Lord Saviour 025 Picture 24 The Man up a Tree 65173_003.wav,15.0,16000,1
Yali LLL 7 JESUS - Lord Saviour 025 Picture 24 The Man up a Tree 65173_004.wav,15.0,16000,1
Yali LLL 7 JESUS - Lord Saviour 025 Picture 24 The Man up a Tree 65173_005.wav,15.0,16000,1
Yali LLL 7 JESUS - Lord Saviour 025 Picture 24 The Man up a Tree 65173_006.wav,15.0,16000,1
Yali LLL 7 JESUS - Lord Saviour 025 Picture 24 The Man up a Tree 65173_007.wav,15.0,16000,1
Yali LLL 7 JESUS - Lord Saviour 025 Picture 24 The Man up a Tree 65173_008.wav,15.0,16000,1
Yali LLL 7 JESUS - Lord Saviour 025 Picture 24 The Man up a Tree 65173_009.wav,15.0,16000,1
Yali LLL 7 JESUS - Lord Saviour 025 Picture 24 The Man up a Tree 65173_010.wav,12.264,16000,1
