filename,duration_sec,rms_db,silence_ratio,clipping_ratio,zero_crossing_rate,quality_score,quality
Yali LLL 7 JESUS - Lord Saviour 025 Picture 24 The Man up a Tree 65173_009.wav,15.0,-22.428930862834928,0.24733475479744135,0.0,0.1498284248400853,100,GOOD
Yali LLL 7 JESUS - Lord Saviour 025 Picture 24 The Man up a Tree 65173_008.wav,15.0,-22.618837180630713,0.2515991471215352,0.0,0.15180965984808104,100,GOOD
Yali Good News 001 Picture 1 In the Beginning 31721_002.wav,15.0,-21.93390525457492,0.24733475479744135,0.0,0.0695441597814499,100,GOOD
Yali Good News 001 Picture 1 In the Beginning 31721_003.wav,15.0,-20.411841513842354,0.17270788912579957,0.0,0.08030612839818764,100,GOOD
Yali LLL 7 JESUS - Lord Saviour 025 Picture 24 The Man up a Tree 65173_007.wav,15.0,-23.388384529844977,0.3091684434968017,0.0,0.16493911580490406,100,GOOD
Yali Good News 001 Picture 1 In the Beginning 31721_005.wav,14.1264375,-21.167752703837156,0.10407239819004525,0.0,0.06426642922794118,100,GOOD
Yali LLL 7 JESUS - Lord Saviour 023 Picture 22 Help for an Injured Man 65173_008.wav,13.2194375,-22.301063998194216,0.1956521739130435,0.0,0.08742829106280194,100,GOOD
Yali LLL 7 JESUS - Lord Saviour 023 Picture 22 Help for an Injured Man 65173_007.wav,15.0,-22.633303915393775,0.3390191897654584,0.0,0.14989089152452026,100,GOOD
Yali LLL 7 JESUS - Lord Saviour 023 Picture 22 Help for an Injured Man 65173_006.wav,15.0,-23.26053925395221,0.3006396588486141,0.0,0.14145164245735609,100,GOOD
Yali LLL 7 JESUS - Lord Saviour 023 Picture 22 Help for an Injured Man 65173_005.wav,15.0,-23.487994961437305,0.31556503198294245,0.0,0.13803159148454158,100,GOOD
Yali LLL 7 JESUS - Lord Saviour 023 Picture 22 Help for an Injured Man 65173_004.wav,15.0,-22.43792475775308,0.26865671641791045,0.0,0.13723305903518124,100,GOOD
Yali LLL 7 JESUS - Lord Saviour 023 Picture 22 Help for an Injured Man 65173_003.wav,15.0,-20.890323663729042,0.2622601279317697,0.0,0.12046387759861407,100,GOOD
Yali LLL 7 JESUS - Lord Saviour 023 Picture 22 Help for an Injured Man 65173_002.wav,15.0,-21.89044696753756,0.3070362473347548,0.0,0.10318559268390191,100,GOOD
Yali LLL 7 JESUS - Lord Saviour 023 Picture 22 Help for an Injured Man 65173_001.wav,15.0,-23.328806753830534,0.27292110874200426,0.0,0.11799956689765459,100,GOOD
Yali LLL 7 JESUS - Lord Saviour 022 Picture 21 The Seed Grows 65173_010.wav,14.340875,-20.204424745935206,0.15367483296213807,0.0,0.0905810655623608,100,GOOD
Yali LLL 7 JESUS - Lord Saviour 022 Picture 21 The Seed Grows 65173_009.wav,15.0,-22.459912564041943,0.2622601279317697,0.0,0.14730164745469082,100,GOOD
Yali LLL 7 JESUS - Lord Saviour 022 Picture 21 The Seed Grows 65173_008.wav,15.0,-22.70902136182578,0.27078891257995735,0.0,0.1418035381130064,100,GOOD
Yali LLL 7 JESUS - Lord Saviour 022 Picture 21 The Seed Grows 65173_007.wav,15.0,-23.50820063265929,0.3390191897654584,0.0,0.12847210654317698,100,GOOD
Yali LLL 7 JESUS - Lord Saviour 022 Picture 21 The Seed Grows 65173_006.wav,15.0,-22.588876307223302,0.255863539445629,0.0,0.12610045475746268,100,GOOD
Yali LLL 7 JESUS - Lord Saviour 022 Picture 21 The Seed Grows 65173_005.wav,15.0,-22.566995716979893,0.279317697228145,0.0,0.125517432369403,100,GOOD
Yali LLL 7 JESUS - Lord Saviour 022 Picture 21 The Seed Grows 65173_004.wav,15.0,-23.92787836167507,0.326226012793177,0.0,0.11912917277452026,100,GOOD
Yali LLL 7 JESUS - Lord Saviour 022 Picture 21 The Seed Grows 65173_003.wav,15.0,-23.78983282138273,0.3347547974413646,0.0,0.15044892723880596,100,GOOD
Yali Good News 009 Picture 9 Moses and the Law of God 31721_002.wav,15.0,-22.54714907063292,0.32409381663113007,0.0,0.10215697461353944,100,GOOD
Yali Good News 009 Picture 9 Moses and the Law of God 31721_001.wav,15.0,-21.898692996760815,0.23880597014925373,0.0,0.10120643989872068,100,GOOD
Yali Good News 008 Picture 8 Abraham Sarah and Isaac 31721_004.wav,14.5714375,-21.825174249512,0.19298245614035087,0.0,0.08808979235197369,100,GOOD
Yali Good News 008 Picture 8 Abraham Sarah and Isaac 31721_002.wav,15.0,-21.98301771178025,0.2814498933901919,0.0,0.10544480443763327,100,GOOD
Yali Good News 008 Picture 8 Abraham Sarah and Isaac 31721_001.wav,15.0,-21.19094456748432,0.18976545842217485,0.0,0.10314811267324094,100,GOOD
Yali Good News 007 Picture 7 The Flood 31721_005.wav,15.0,-21.598148730771506,0.16844349680170576,0.0,0.07647796175373134,100,GOOD
Yali Good News 007 Picture 7 The Flood 31721_004.wav,15.0,-21.993735567842588,0.279317697228145,0.0,0.09240696628464819,100,GOOD
Yali Good News 007 Picture 7 The Flood 31721_003.wav,15.0,-20.945245086114014,0.27292110874200426,0.0,0.0838011393923241,100,GOOD
Yali Good News 007 Picture 7 The Flood 31721_001.wav,15.0,-21.409714416940965,0.24307036247334754,0.0,0.09353865438432836,100,GOOD
Yali Good News 006 Picture 6 Noah's Ark 31721_006.wav,12.058125,-21.149013667730635,0.09283819628647215,0.0,0.07055469786140584,100,GOOD
Yali Good News 006 Picture 6 Noah's Ark 31721_005.wav,15.0,-21.93021264438783,0.32409381663113007,0.0,0.08257262793176973,100,GOOD
Yali Good News 006 Picture 6 Noah's Ark 31721_002.wav,15.0,-21.264530559692332,0.2921108742004264,0.0,0.0959092650586354,100,GOOD
Yali Good News 012 Picture 12 A Saviour Promised 31721_002.wav,15.0,-20.828025717127257,0.22388059701492538,0.0,0.10337091051439233,100,GOOD
Yali Good News 012 Picture 12 A Saviour Promised 31721_001.wav,15.0,-21.80560644007134,0.24307036247334754,0.0,0.11919580390458422,100,GOOD
Yali Good News 011 Picture 11 Sacrifice for Sin 31721_007.wav,8.19625,-21.166410692104833,0.07003891050583658,0.0,0.07136125972762646,100,GOOD
Yali Good News 011 Picture 11 Sacrifice for Sin 31721_006.wav,15.0,-22.354041864216892,0.3070362473347548,0.0,0.09490146921641791,100,GOOD
Yali Good News 011 Picture 11 Sacrifice for Sin 31721_004.wav,15.0,-23.078195291657615,0.3283582089552239,0.0,0.08546067097547974,100,GOOD
Yali Good News 011 Picture 11 Sacrifice for Sin 31721_003.wav,15.0,-21.589133130296872,0.27505330490405117,0.0,0.09432261127398721,100,GOOD
Yali Good News 011 Picture 11 Sacrifice for Sin 31721_002.wav,15.0,-21.9373907465833,0.2771855010660981,0.0,0.09701804870735607,100,GOOD
Yali Good News 011 Picture 11 Sacrifice for Sin 31721_001.wav,15.0,-22.60742580418099,0.32409381663113007,0.0,0.10863164645522388,100,GOOD
Yali Good News 010 Picture 10 The Ten Commandments 31721_005.wav,9.33475,-20.87564111623026,0.10273972602739725,0.0,0.0797119140625,100,GOOD
Yali Good News 010 Picture 10 The Ten Commandments 31721_004.wav,15.0,-22.0070159561688,0.2537313432835821,0.0,0.11648995535714286,100,GOOD
Yali Good News 010 Picture 10 The Ten Commandments 31721_001.wav,15.0,-21.281118175178463,0.2622601279317697,0.0,0.10644427138859275,100,GOOD
Yali Good News 009 Picture 9 Moses and the Law of God 31721_004.wav,15.0,-21.183900479600524,0.17484008528784648,0.0,0.08648928904584222,100,GOOD
Yali Good News 015 Picture 15 Miracles of Jesus 31721_002.wav,15.0,-22.013987728693017,0.29850746268656714,0.0,0.10527926772388059,100,GOOD
Yali Good News 015 Picture 15 Miracles of Jesus 31721_001.wav,15.0,-21.723346269145352,0.18976545842217485,0.0,0.12016716084754797,100,GOOD
Yali Good News 014 Picture 14 Jesus the Teacher 31721_005.wav,11.7613125,-21.461132871638195,0.11956521739130435,0.0,0.08221435546875,100,GOOD
Yali Good News 014 Picture 14 Jesus the Teacher 31721_004.wav,15.0,-22.712418379256512,0.3390191897654584,0.0,0.12154455123933902,100,GOOD
Yali Good News 014 Picture 14 Jesus the Teacher 31721_003.wav,15.0,-21.966593564400906,0.2921108742004264,0.0,0.11118445162579957,100,GOOD
Yali Good News 014 Picture 14 Jesus the Teacher 31721_002.wav,15.0,-22.628370680321193,0.3091684434968017,0.0,0.15404076159381663,100,GOOD
Yali Good News 014 Picture 14 Jesus the Teacher 31721_001.wav,15.0,-22.72417052553772,0.23880597014925373,0.0,0.13074485274520256,100,GOOD
Yali Good News 013 Picture 13 The Birth of Jesus 31721_004.wav,12.0714375,-21.110698866287244,0.21164021164021163,0.0,0.06920288731812169,100,GOOD
Yali Good News 013 Picture 13 The Birth of Jesus 31721_003.wav,15.0,-22.09103402694612,0.302771855010661,0.0,0.13097389725479744,100,GOOD
Yali Good News 013 Picture 13 The Birth of Jesus 31721_001.wav,15.0,-21.566642735428722,0.22388059701492538,0.0,0.12193913246268656,100,GOOD
Yali Good News 012 Picture 12 A Saviour Promised 31721_007.wav,9.1986875,-21.966722607401397,0.11458333333333333,0.0,0.06807115342881945,100,GOOD
Yali Good News 012 Picture 12 A Saviour Promised 31721_006.wav,15.0,-22.391502811722425,0.3283582089552239,0.0,0.08466109741471216,100,GOOD
Yali Good News 012 Picture 12 A Saviour Promised 31721_005.wav,15.0,-22.17525089600636,0.34328358208955223,0.0,0.09503264925373134,100,GOOD
Yali Good News 012 Picture 12 A Saviour Promised 31721_003.wav,15.0,-21.302350308942223,0.2515991471215352,0.0,0.10891274653518124,100,GOOD
Yali Good News 019 Picture 19 Thomas Believes 31721_003.wav,15.0,-23.50997445405973,0.34754797441364604,0.0,0.12243990704957355,100,GOOD
Yali Good News 019 Picture 19 Thomas Believes 31721_001.wav,15.0,-21.08547949158542,0.14285714285714285,0.0,0.1382866637793177,100,GOOD
Yali Good News 018 Picture 18 The Resurrection 31721_004.wav,11.621625,-22.06871681582879,0.09340659340659341,0.0,0.08174284211881869,100,GOOD
Yali Good News 018 Picture 18 The Resurrection 31721_003.wav,15.0,-22.83044193780195,0.34968017057569295,0.0,0.11780279684168443,100,GOOD
Yali Good News 018 Picture 18 The Resurrection 31721_002.wav,15.0,-22.19367496237244,0.26865671641791045,0.0,0.12423478311567164,100,GOOD
Yali Good News 018 Picture 18 The Resurrection 31721_001.wav,15.0,-21.550996703719505,0.2046908315565032,0.0,0.1126055686966951,100,GOOD
Yali Good News 017 Picture 17 Jesus is Crucified 31721_004.wav,11.0680625,-21.323443792005577,0.11560693641618497,0.0,0.08952622606575145,100,GOOD
Yali Good News 017 Picture 17 Jesus is Crucified 31721_003.wav,15.0,-21.695374169478754,0.279317697228145,0.0,0.11530933502132196,100,GOOD
Yali Good News 017 Picture 17 Jesus is Crucified 31721_002.wav,15.0,-22.71806061081928,0.34541577825159914,0.0,0.15189711320628999,100,GOOD
Yali Good News 017 Picture 17 Jesus is Crucified 31721_001.wav,15.0,-22.623554040393586,0.2302771855010661,0.0,0.13901440065298507,100,GOOD
Yali Good News 016 Picture 16 Jesus Suffers 31721_004.wav,15.0,-21.863284465761417,0.14712153518123666,0.0,0.09239967850479744,100,GOOD
Yali Good News 016 Picture 16 Jesus Suffers 31721_001.wav,15.0,-21.413849396034053,0.18336886993603413,0.0,0.1130667810501066,100,GOOD
Yali Good News 015 Picture 15 Miracles of Jesus 31721_003.wav,11.3825625,-20.492037915629027,0.13202247191011235,0.0,0.08919087956460674,100,GOOD
Yali Good News 022 Picture 22 The Two Roads 31721_003.wav,15.0,-22.321007399662342,0.2857142857142857,0.0,0.12251903151652452,100,GOOD
Yali Good News 022 Picture 22 The Two Roads 31721_002.wav,15.0,-22.27226507454336,0.32409381663113007,0.0,0.09850579690831557,100,GOOD
Yali Good News 022 Picture 22 The Two Roads 31721_001.wav,15.0,-22.149601921196428,0.27078891257995735,0.0,0.10155104777452026,100,GOOD
Yali Good News 021 Picture 21 The Empty Cross 31721_006.wav,14.810625,-22.062567506780525,0.20302375809935205,0.0,0.08716927645788337,100,GOOD
Yali Good News 021 Picture 21 The Empty Cross 31721_005.wav,15.0,-21.63282099558236,0.29850746268656714,0.0,0.12088969216417911,100,GOOD
Yali Good News 021 Picture 21 The Empty Cross 31721_004.wav,15.0,-22.720357300043382,0.326226012793177,0.0,0.1125108275586354,100,GOOD
Yali Good News 021 Picture 21 The Empty Cross 31721_001.wav,15.0,-21.848745344597983,0.23880597014925373,0.0,0.12322178171641791,100,GOOD
Yali Good News 020 Picture 20 The Ascension 31721_006.wav,6.0856875,-21.34656145657628,0.0,0.0,0.07354896106020943,100,GOOD
Yali Good News 020 Picture 20 The Ascension 31721_005.wav,15.0,-22.240413971409883,0.2345415778251599,0.0,0.09972597947761194,100,GOOD
Yali Good News 020 Picture 20 The Ascension 31721_003.wav,15.0,-22.12919187701706,0.27078891257995735,0.0,0.11410268690031983,100,GOOD
Yali Good News 020 Picture 20 The Ascension 31721_002.wav,15.0,-22.556875184365467,0.34968017057569295,0.0,0.1117112539978678,100,GOOD
Yali Good News 020 Picture 20 The Ascension 31721_001.wav,15.0,-21.245271075400247,0.1791044776119403,0.0,0.10799760960820895,100,GOOD
Yali Good News 019 Picture 19 Thomas Believes 31721_004.wav,13.1285625,-22.441130794667885,0.2141119221411192,0.0,0.09192043035279805,100,GOOD
Yali LLL 7 JESUS - Lord Saviour 022 Picture 21 The Seed Grows 65173_002.wav,15.0,-22.873694738137885,0.255863539445629,0.0,0.1417317014259062,100,GOOD
Yali LLL 7 JESUS - Lord Saviour 022 Picture 21 The Seed Grows 65173_001.wav,15.0,-22.91067709158987,0.2025586353944563,0.0,0.13988268756663114,100,GOOD
Yali LLL 7 JESUS - Lord Saviour 021 Picture 20 A Man Sows His Seed 65173_008.wav,15.0,-21.984706728819624,0.2025586353944563,0.0,0.09722522987739872,100,GOOD
Yali LLL 7 JESUS - Lord Saviour 021 Picture 20 A Man Sows His Seed 65173_007.wav,15.0,-22.406950381490685,0.2601279317697228,0.0,0.16334829757462688,100,GOOD
Yali LLL 7 JESUS - Lord Saviour 021 Picture 20 A Man Sows His Seed 65173_006.wav,15.0,-22.18797604669006,0.2942430703624733,0.0,0.1374766791044776,100,GOOD
Yali LLL 7 JESUS - Lord Saviour 021 Picture 20 A Man Sows His Seed 65173_004.wav,15.0,-23.916478158700375,0.326226012793177,0.0,0.16387197661247335,100,GOOD
Yali LLL 7 JESUS - Lord Saviour 021 Picture 20 A Man Sows His Seed 65173_003.wav,15.0,-23.368444860514458,0.32196162046908317,0.0,0.1760779667510661,100,GOOD
Yali LLL 7 JESUS - Lord Saviour 021 Picture 20 A Man Sows His Seed 65173_002.wav,15.0,-21.867076297365244,0.32409381663113007,0.0,0.15085079624200426,100,GOOD
Yali LLL 7 JESUS - Lord Saviour 021 Picture 20 A Man Sows His Seed 65173_001.wav,15.0,-23.66791926122947,0.3049040511727079,0.0,0.13103532282782515,100,GOOD
Yali LLL 7 JESUS - Lord Saviour 020 Picture 19 Two Men in God's House 65173_008.wav,14.1336875,-21.635473642641145,0.15384615384615385,0.0,0.10382604814762443,100,GOOD
Yali LLL 7 JESUS - Lord Saviour 020 Picture 19 Two Men in God's House 65173_007.wav,15.0,-22.807872653625015,0.2921108742004264,0.0,0.1463937983075693,100,GOOD
Yali LLL 7 JESUS - Lord Saviour 020 Picture 19 Two Men in God's House 65173_006.wav,15.0,-22.593088426578127,0.3070362473347548,0.0,0.1401637876465885,100,GOOD
Yali LLL 7 JESUS - Lord Saviour 020 Picture 19 Two Men in God's House 65173_005.wav,15.0,-22.32635187992392,0.2835820895522388,0.0,0.1270457839152452,100,GOOD
Yali LLL 7 JESUS - Lord Saviour 020 Picture 19 Two Men in God's House 65173_004.wav,15.0,-23.195096167948858,0.27078891257995735,0.0,0.13304258562100213,100,GOOD
Yali LLL 7 JESUS - Lord Saviour 020 Picture 19 Two Men in God's House 65173_003.wav,15.0,-22.593687707654865,0.26439232409381663,0.0,0.1297610024653518,100,GOOD
Yali Good News 025 Picture 25 The Holy Spirit Comes 31721_001.wav,15.0,-21.63674557584477,0.23880597014925373,0.0,0.11739780450426439,100,GOOD
Yali Good News 024 Picture 24 Born Again 31721_006.wav,8.948375,-21.51533894395053,0.08571428571428572,0.0,0.08220389229910714,100,GOOD
Yali Good News 024 Picture 24 Born Again 31721_005.wav,15.0,-22.810245984598936,0.3049040511727079,0.0,0.11081693929904052,100,GOOD
Yali Good News 024 Picture 24 Born Again 31721_004.wav,15.0,-21.925433498135494,0.2281449893390192,0.0,0.12686567164179105,100,GOOD
Yali Good News 024 Picture 24 Born Again 31721_003.wav,15.0,-21.13752669991403,0.19616204690831557,0.0,0.12130613672707889,100,GOOD
Yali Good News 024 Picture 24 Born Again 31721_002.wav,15.0,-21.397531827607672,0.27292110874200426,0.0,0.09612269289712154,100,GOOD
Yali Good News 024 Picture 24 Born Again 31721_001.wav,15.0,-21.954129259390175,0.22174840085287847,0.0,0.1328187466684435,100,GOOD
Yali Good News 023 Picture 23 God's Children 31721_005.wav,5.7453125,-21.90317384412344,0.005555555555555556,0.0,0.06369900173611111,100,GOOD
Yali Good News 023 Picture 23 God's Children 31721_004.wav,15.0,-21.953665710733326,0.19189765458422176,0.0,0.12028480643656717,100,GOOD
Yali Good News 023 Picture 23 God's Children 31721_003.wav,15.0,-22.435027401961545,0.3091684434968017,0.0,0.12178713019722814,100,GOOD
Yali Good News 023 Picture 23 God's Children 31721_002.wav,15.0,-22.713401834763136,0.31769722814498935,0.0,0.12052738539445629,100,GOOD
Yali Good News 023 Picture 23 God's Children 31721_001.wav,15.0,-21.5945237948244,0.23667377398720682,0.0,0.11215476745735607,100,GOOD
Yali Good News 022 Picture 22 The Two Roads 31721_007.wav,13.9139375,-22.325450191113475,0.10804597701149425,0.0,0.0995813128591954,100,GOOD
Yali Good News 022 Picture 22 The Two Roads 31721_006.wav,15.0,-22.466283627059042,0.26865671641791045,0.0,0.14323923074360342,100,GOOD
Yali Good News 022 Picture 22 The Two Roads 31721_005.wav,15.0,-22.86279136960725,0.31769722814498935,0.0,0.14168276918976547,100,GOOD
Yali Good News 022 Picture 22 The Two Roads 31721_004.wav,15.0,-23.16218046741424,0.32409381663113007,0.0,0.12180170575692964,100,GOOD
Yali Good News 028 Picture 28 The Christian Family 31721_004.wav,8.931875,-20.33135278116417,0.03571428571428571,0.0,0.08237479073660714,100,GOOD
Yali Good News 028 Picture 28 The Christian Family 31721_003.wav,15.0,-20.677771125986926,0.20042643923240938,0.0,0.09398008562100213,100,GOOD
Yali Good News 028 Picture 28 The Christian Family 31721_002.wav,15.0,-21.424649517901116,0.31130063965884863,0.0,0.08851320962153518,100,GOOD
Yali Good News 028 Picture 28 The Christian Family 31721_001.wav,15.0,-21.23907841615784,0.21748400852878466,0.0,0.09194887726545842,100,GOOD
Yali Good News 027 Picture 27 A New Person 31721_003.wav,15.0,-20.317511460652838,0.2046908315565032,0.0,0.08014163279584222,100,GOOD
Yali Good News 027 Picture 27 A New Person 31721_002.wav,15.0,-21.72584593691816,0.232409381663113,0.0,0.10744373833955224,100,GOOD
Yali Good News 027 Picture 27 A New Person 31721_001.wav,15.0,-21.179725247812197,0.22388059701492538,0.0,0.1105452092217484,100,GOOD
Yali Good News 026 Picture 26 Walking in the Light 31721_004.wav,14.6505625,-20.7939353625272,0.12663755458515283,0.0,0.09509970319323144,100,GOOD
Yali Good News 026 Picture 26 Walking in the Light 31721_003.wav,15.0,-21.82998002288474,0.24946695095948826,0.0,0.10597681236673774,100,GOOD
Yali Good News 026 Picture 26 Walking in the Light 31721_002.wav,15.0,-21.253319765489277,0.22174840085287847,0.0,0.11409435800906183,100,GOOD
Yali Good News 026 Picture 26 Walking in the Light 31721_001.wav,15.0,-20.9847320803148,0.2281449893390192,0.0,0.08960533548773987,100,GOOD
Yali Good News 025 Picture 25 The Holy Spirit Comes 31721_006.wav,5.5284375,-22.63381220393661,0.0,0.0,0.08630723898121387,100,GOOD
Yali Good News 025 Picture 25 The Holy Spirit Comes 31721_005.wav,15.0,-22.057200783976324,0.22174840085287847,0.0,0.11492100046641791,100,GOOD
Yali Good News 025 Picture 25 The Holy Spirit Comes 31721_004.wav,15.0,-21.728100753880284,0.2601279317697228,0.0,0.14178792144189764,100,GOOD
Yali Good News 025 Picture 25 The Holy Spirit Comes 31721_003.wav,15.0,-22.181361566618733,0.27078891257995735,0.0,0.1343616737739872,100,GOOD
Yali Good News 025 Picture 25 The Holy Spirit Comes 31721_002.wav,15.0,-22.711405854813155,0.2942430703624733,0.0,0.12771730077292112,100,GOOD
Yali Good News 031 Picture 31 Casting out Evil Spirits 31721_006.wav,15.0,-20.919205881326523,0.232409381663113,0.0,0.09173961387260128,100,GOOD
Yali Good News 031 Picture 31 Casting out Evil Spirits 31721_005.wav,15.0,-21.94792202929274,0.255863539445629,0.0,0.08621339452292111,100,GOOD
Yali Good News 031 Picture 31 Casting out Evil Spirits 31721_004.wav,15.0,-22.534075965675445,0.27505330490405117,0.0,0.08040815731609809,100,GOOD
Yali Good News 031 Picture 31 Casting out Evil Spirits 31721_003.wav,15.0,-21.204729479464483,0.2260127931769723,0.0,0.09076721581823027,100,GOOD
Yali Good News 031 Picture 31 Casting out Evil Spirits 31721_002.wav,15.0,-20.604761853401605,0.2537313432835821,0.0,0.08100679637526652,100,GOOD
Yali Good News 031 Picture 31 Casting out Evil Spirits 31721_001.wav,15.0,-19.609349201884875,0.11940298507462686,0.0,0.08349088819296376,100,GOOD
Yali Good News 030 Picture 30 Jesus is the Powerful One 31721_006.wav,13.187375,-21.232964007893496,0.0774818401937046,0.0,0.08297589096549637,100,GOOD
Yali Good News 030 Picture 30 Jesus is the Powerful One 31721_005.wav,15.0,-21.904394536594722,0.26439232409381663,0.0,0.09872026585820895,100,GOOD
Yali Good News 030 Picture 30 Jesus is the Powerful One 31721_004.wav,15.0,-22.048461323219264,0.3326226012793177,0.0,0.0835106693097015,100,GOOD
Yali Good News 030 Picture 30 Jesus is the Powerful One 31721_003.wav,15.0,-21.381889011491474,0.2771855010660981,0.0,0.09228411513859275,100,GOOD
Yali Good News 030 Picture 30 Jesus is the Powerful One 31721_002.wav,15.0,-21.03985807042621,0.21108742004264391,0.0,0.0974688499466951,100,GOOD
Yali Good News 030 Picture 30 Jesus is the Powerful One 31721_001.wav,15.0,-20.341946164747803,0.18550106609808104,0.0,0.10322411380597014,100,GOOD
Yali Good News 029 Picture 29 Love Your Enemies 31721_004.wav,6.4549375,-20.340600673464124,0.0049504950495049506,0.0,0.07601475479579207,100,GOOD
Yali Good News 029 Picture 29 Love Your Enemies 31721_003.wav,15.0,-20.911698689323828,0.15991471215351813,0.0,0.10080248867270789,100,GOOD
Yali Good News 029 Picture 29 Love Your Enemies 31721_002.wav,15.0,-21.883688568268514,0.26865671641791045,0.0,0.11500949493603412,100,GOOD
Yali Good News 029 Picture 29 Love Your Enemies 31721_001.wav,15.0,-20.127352783062896,0.11940298507462686,0.0,0.10444846082089553,100,GOOD
Yali Good News 033 Picture 33 If We Sin 31721_005.wav,15.0,-21.990914268118402,0.27292110874200426,0.0,0.10346565165245203,100,GOOD
Yali Good News 033 Picture 33 If We Sin 31721_004.wav,15.0,-22.582984512160746,0.34754797441364604,0.0,0.08902647754530917,100,GOOD
Yali Good News 033 Picture 33 If We Sin 31721_003.wav,15.0,-21.753940258096797,0.2878464818763326,0.0,0.09188224613539446,100,GOOD
Yali Good News 033 Picture 33 If We Sin 31721_002.wav,15.0,-21.642760873682917,0.24307036247334754,0.0,0.09313470315831557,100,GOOD
Yali Good News 033 Picture 33 If We Sin 31721_001.wav,15.0,-21.066386438687786,0.21748400852878466,0.0,0.10482221981609809,100,GOOD
Yali Good News 032 Picture 32 Temptation 31721_008.wav,9.696875,-21.62015320793313,0.11842105263157894,0.0,0.0744371916118421,100,GOOD
Yali Good News 032 Picture 32 Temptation 31721_007.wav,15.0,-21.868402666024135,0.2622601279317697,0.0,0.08977711886993603,100,GOOD
Yali Good News 032 Picture 32 Temptation 31721_006.wav,15.0,-22.62633022134979,0.31556503198294245,0.0,0.08354294376332623,100,GOOD
Yali Good News 032 Picture 32 Temptation 31721_005.wav,15.0,-20.968472517957274,0.2515991471215352,0.0,0.0887849396988273,100,GOOD
Yali Good News 032 Picture 32 Temptation 31721_004.wav,15.0,-22.758945625163097,0.34968017057569295,0.0,0.08764388159648187,100,GOOD
Yali Good News 032 Picture 32 Temptation 31721_003.wav,15.0,-21.895277732183974,0.2537313432835821,0.0,0.09284319196428571,100,GOOD
Yali Good News 032 Picture 32 Temptation 31721_002.wav,15.0,-21.544347257875998,0.3070362473347548,0.0,0.07234058502132196,100,GOOD
Yali Good News 032 Picture 32 Temptation 31721_001.wav,15.0,-21.545384786866922,0.279317697228145,0.0,0.08722639592217483,100,GOOD
Yali Good News 031 Picture 31 Casting out Evil Spirits 31721_009.wav,5.834875,-20.69322237006585,0.0,0.0,0.06222250683060109,100,GOOD
Yali Good News 031 Picture 31 Casting out Evil Spirits 31721_008.wav,15.0,-20.651075020726502,0.16417910447761194,0.0,0.0926682852478678,100,GOOD
Yali Good News 031 Picture 31 Casting out Evil Spirits 31721_007.wav,15.0,-21.986813377859402,0.2878464818763326,0.0,0.09347098214285714,100,GOOD
Yali Good News 036 Picture 36 The Body of Christ 31721_004.wav,15.0,-22.917659294352227,0.3390191897654584,0.0,0.11038383695362473,100,GOOD
Yali Good News 036 Picture 36 The Body of Christ 31721_001.wav,15.0,-21.926587039426213,0.27078891257995735,0.0,0.09945112606609809,100,GOOD
Yali Good News 035 Picture 35 Death 31721_003.wav,15.0,-20.68586587553783,0.14285714285714285,0.0,0.09585929171108742,100,GOOD
Yali Good News 035 Picture 35 Death 31721_002.wav,15.0,-22.1002771502234,0.2942430703624733,0.0,0.10356143390191898,100,GOOD
Yali Good News 035 Picture 35 Death 31721_001.wav,15.0,-21.567227927107723,0.22174840085287847,0.0,0.10699606043443496,100,GOOD
Yali Good News 034 Picture 34 Sickness 31721_007.wav,6.251375,-21.85875681167999,0.02040816326530612,0.0,0.07913145727040816,100,GOOD
Yali Good News 034 Picture 34 Sickness 31721_006.wav,15.0,-21.676655926456114,0.21108742004264391,0.0,0.10655775253198294,100,GOOD
Yali Good News 034 Picture 34 Sickness 31721_005.wav,15.0,-21.93748295724064,0.3006396588486141,0.0,0.09765520888859275,100,GOOD
Yali Good News 034 Picture 34 Sickness 31721_004.wav,15.0,-22.248324306121262,0.3304904051172708,0.0,0.08745231709754797,100,GOOD
Yali Good News 034 Picture 34 Sickness 31721_003.wav,15.0,-22.076604579929757,0.32409381663113007,0.0,0.0798928071695096,100,GOOD
Yali Good News 034 Picture 34 Sickness 31721_002.wav,15.0,-22.173029899391885,0.31343283582089554,0.0,0.0884757296108742,100,GOOD
Yali Good News 034 Picture 34 Sickness 31721_001.wav,15.0,-21.8781757314181,0.2814498933901919,0.0,0.08494948527452026,100,GOOD
Yali Good News 033 Picture 33 If We Sin 31721_007.wav,7.9575,-20.811522981856065,0.040160642570281124,0.0,0.07498352786144578,100,GOOD
Yali Good News 033 Picture 33 If We Sin 31721_006.wav,15.0,-21.907786786821028,0.24946695095948826,0.0,0.09279842417377399,100,GOOD
Yali Good News 039 Picture 39 Bearing Fruit 31721_003.wav,15.0,-22.037878697184397,0.27292110874200426,0.0,0.09829965684968017,100,GOOD
Yali Good News 039 Picture 39 Bearing Fruit 31721_002.wav,15.0,-22.09609959886365,0.31769722814498935,0.0,0.08897338086353944,100,GOOD
Yali Good News 039 Picture 39 Bearing Fruit 31721_001.wav,15.0,-21.098393602877024,0.23667377398720682,0.0,0.09685251199360341,100,GOOD
Yali Good News 038 Picture 38 Jesus Will Return 31721_005.wav,15.0,-20.275976387349655,0.2281449893390192,0.0,0.08072153184968017,100,GOOD
Yali Good News 038 Picture 38 Jesus Will Return 31721_004.wav,15.0,-21.26843222096646,0.26652452025586354,0.0,0.08601454224413646,100,GOOD
Yali Good News 038 Picture 38 Jesus Will Return 31721_003.wav,15.0,-23.175134039724927,0.3304904051172708,0.0,0.0948004814099147,100,GOOD
Yali Good News 038 Picture 38 Jesus Will Return 31721_002.wav,15.0,-22.67954120728139,0.3368869936034115,0.0,0.09096398587420043,100,GOOD
Yali Good News 038 Picture 38 Jesus Will Return 31721_001.wav,15.0,-21.720594861765147,0.21535181236673773,0.0,0.10805903518123668,100,GOOD
Yali Good News 037 Picture 37 Meeting for Worship 31721_005.wav,8.1213125,-21.512261350757154,0.1377952755905512,0.0,0.0626595564714567,100,GOOD
Yali Good News 037 Picture 37 Meeting for Worship 31721_004.wav,15.0,-21.50083949822175,0.2601279317697228,0.0,0.0978707189498934,100,GOOD
Yali Good News 037 Picture 37 Meeting for Worship 31721_003.wav,15.0,-21.37016664562293,0.27505330490405117,0.0,0.10554579224413646,100,GOOD
Yali Good News 037 Picture 37 Meeting for Worship 31721_002.wav,15.0,-23.019794526869415,0.3390191897654584,0.0,0.10459838086353944,100,GOOD
Yali Good News 037 Picture 37 Meeting for Worship 31721_001.wav,15.0,-22.580979947114677,0.31343283582089554,0.0,0.11009232575959488,100,GOOD
Yali Good News 036 Picture 36 The Body of Christ 31721_007.wav,14.2138125,-22.173106361392648,0.19775280898876405,0.0,0.07200886587078652,100,GOOD
Yali Good News 036 Picture 36 The Body of Christ 31721_006.wav,15.0,-22.088578481429913,0.34754797441364604,0.0,0.0955261360607676,100,GOOD
Yali LLL 7 JESUS - Lord Saviour 002 Picture 1 The Birth of Jesus 65173_002.wav,15.0,-22.695786379822746,0.2942430703624733,0.0,0.17110978311567165,100,GOOD
Yali LLL 7 JESUS - Lord Saviour 002 Picture 1 The Birth of Jesus 65173_001.wav,15.0,-22.459555221724745,0.17270788912579957,0.0,0.14971806703091683,100,GOOD
Yali LLL 7 JESUS - Lord Saviour 001 Introduction 65173_004.wav,9.0195625,-20.83143201038896,0.05673758865248227,0.0,0.07974914117907801,100,GOOD
Yali LLL 7 JESUS - Lord Saviour 001 Introduction 65173_003.wav,15.0,-20.985961492776426,0.17270788912579957,0.0,0.12858558768656717,100,GOOD
Yali LLL 7 JESUS - Lord Saviour 001 Introduction 65173_002.wav,15.0,-21.805045594384932,0.19402985074626866,0.0,0.11236611307302771,100,GOOD
Yali LLL 7 JESUS - Lord Saviour 001 Introduction 65173_001.wav,15.0,-19.29277031425983,0.06609808102345416,0.0,0.08153568097014925,100,GOOD
Yali Good News 040 Picture 40 Witnessing 31721_006.wav,15.0,-21.850744793081525,0.26652452025586354,0.0,0.10239747134861407,100,GOOD
Yali Good News 040 Picture 40 Witnessing 31721_005.wav,15.0,-21.82551680347207,0.31556503198294245,0.0,0.09991650286513859,100,GOOD
Yali Good News 040 Picture 40 Witnessing 31721_003.wav,15.0,-21.923470891302948,0.26439232409381663,0.0,0.1041746485207889,100,GOOD
Yali Good News 040 Picture 40 Witnessing 31721_002.wav,15.0,-22.927339024248006,0.29850746268656714,0.0,0.11888971715085288,100,GOOD
Yali Good News 040 Picture 40 Witnessing 31721_001.wav,15.0,-22.976654976347966,0.2579957356076759,0.0,0.11099913379530917,100,GOOD
Yali Good News 039 Picture 39 Bearing Fruit 31721_006.wav,7.27775,-21.220391335249467,0.09210526315789473,0.0,0.07496187979714912,100,GOOD
Yali Good News 039 Picture 39 Bearing Fruit 31721_005.wav,15.0,-22.775514724164587,0.31769722814498935,0.0,0.09225079957356076,100,GOOD
Yali Good News 039 Picture 39 Bearing Fruit 31721_004.wav,15.0,-23.012850613068117,0.29637526652452023,0.0,0.08990205223880597,100,GOOD
Yali LLL 7 JESUS - Lord Saviour 004 Picture 3 Jesus Speaks to Nicodemus 65173_003.wav,15.0,-22.067851331440522,0.2814498933901919,0.0,0.16894635361140725,100,GOOD
Yali LLL 7 JESUS - Lord Saviour 004 Picture 3 Jesus Speaks to Nicodemus 65173_002.wav,15.0,-23.798565173112213,0.3368869936034115,0.0,0.17196453558102345,100,GOOD
Yali LLL 7 JESUS - Lord Saviour 004 Picture 3 Jesus Speaks to Nicodemus 65173_001.wav,15.0,-23.285606030693245,0.31556503198294245,0.0,0.14893306902985073,100,GOOD
Yali LLL 7 JESUS - Lord Saviour 003 Picture 2 Jesus Turns Water into Wine 65173_007.wav,14.224625,-20.990539249686844,0.15056179775280898,0.0,0.11004542661516854,100,GOOD
Yali LLL 7 JESUS - Lord Saviour 003 Picture 2 Jesus Turns Water into Wine 65173_006.wav,15.0,-22.693757380097068,0.255863539445629,0.0,0.1416161380597015,100,GOOD
Yali LLL 7 JESUS - Lord Saviour 003 Picture 2 Jesus Turns Water into Wine 65173_005.wav,15.0,-22.996881091883022,0.2622601279317697,0.0,0.14704761627132196,100,GOOD
Yali LLL 7 JESUS - Lord Saviour 003 Picture 2 Jesus Turns Water into Wine 65173_004.wav,15.0,-21.995508913561125,0.2537313432835821,0.0,0.16606143390191896,100,GOOD
Yali LLL 7 JESUS - Lord Saviour 003 Picture 2 Jesus Turns Water into Wine 65173_003.wav,15.0,-22.352215005865816,0.2814498933901919,0.0,0.16421137893123666,100,GOOD
Yali LLL 7 JESUS - Lord Saviour 003 Picture 2 Jesus Turns Water into Wine 65173_002.wav,15.0,-23.779109194381466,0.32196162046908317,0.0,0.18004043676705758,100,GOOD
Yali LLL 7 JESUS - Lord Saviour 003 Picture 2 Jesus Turns Water into Wine 65173_001.wav,15.0,-23.10826829209677,0.27078891257995735,0.0,0.1601749900053305,100,GOOD
Yali LLL 7 JESUS - Lord Saviour 002 Picture 1 The Birth of Jesus 65173_008.wav,12.8344375,-20.914206836575925,0.1517412935323383,0.0,0.10724939754353234,100,GOOD
Yali LLL 7 JESUS - Lord Saviour 002 Picture 1 The Birth of Jesus 65173_007.wav,15.0,-23.503633982693344,0.32196162046908317,0.0,0.17954278551439232,100,GOOD
Yali LLL 7 JESUS - Lord Saviour 002 Picture 1 The Birth of Jesus 65173_006.wav,15.0,-23.124734370025042,0.31982942430703626,0.0,0.15897250632995735,100,GOOD
Yali LLL 7 JESUS - Lord Saviour 002 Picture 1 The Birth of Jesus 65173_005.wav,15.0,-22.12064241522669,0.2835820895522388,0.0,0.14148079357675905,100,GOOD
Yali LLL 7 JESUS - Lord Saviour 002 Picture 1 The Birth of Jesus 65173_004.wav,15.0,-22.61711472145659,0.27292110874200426,0.0,0.14881542344083157,100,GOOD
Yali LLL 7 JESUS - Lord Saviour 002 Picture 1 The Birth of Jesus 65173_003.wav,15.0,-22.3473006025049,0.2857142857142857,0.0,0.17172299773454158,100,GOOD
Yali LLL 7 JESUS - Lord Saviour 005 Picture 4 A Ruler Kneels before Jesus 65173_007.wav,9.5351875,-22.097166454960675,0.026845637583892617,0.0,0.06685520658557047,100,GOOD
Yali LLL 7 JESUS - Lord Saviour 005 Picture 4 A Ruler Kneels before Jesus 65173_006.wav,15.0,-21.984805949470513,0.208955223880597,0.0,0.12426497534648187,100,GOOD
Yali LLL 7 JESUS - Lord Saviour 005 Picture 4 A Ruler Kneels before Jesus 65173_005.wav,15.0,-22.10939233761849,0.2622601279317697,0.0,0.15625728777985073,100,GOOD
Yali LLL 7 JESUS - Lord Saviour 005 Picture 4 A Ruler Kneels before Jesus 65173_004.wav,15.0,-21.548674464850627,0.279317697228145,0.0,0.1486884078491471,100,GOOD
Yali LLL 7 JESUS - Lord Saviour 005 Picture 4 A Ruler Kneels before Jesus 65173_003.wav,15.0,-21.717988653912833,0.29850746268656714,0.0,0.14067080890191896,100,GOOD
Yali LLL 7 JESUS - Lord Saviour 005 Picture 4 A Ruler Kneels before Jesus 65173_002.wav,15.0,-21.035358510940114,0.232409381663113,0.0,0.135771338619403,100,GOOD
Yali LLL 7 JESUS - Lord Saviour 005 Picture 4 A Ruler Kneels before Jesus 65173_001.wav,15.0,-23.494740124536953,0.3304904051172708,0.0,0.13419821928304904,100,GOOD
Yali LLL 7 JESUS - Lord Saviour 004 Picture 3 Jesus Speaks to Nicodemus 65173_012.wav,8.9866875,-19.29975567727038,0.046263345195729534,0.0,0.07341247775800712,100,GOOD
Yali LLL 7 JESUS - Lord Saviour 004 Picture 3 Jesus Speaks to Nicodemus 65173_011.wav,15.0,-22.26989727284156,0.26652452025586354,0.0,0.1303117503997868,100,GOOD
Yali LLL 7 JESUS - Lord Saviour 004 Picture 3 Jesus Speaks to Nicodemus 65173_010.wav,15.0,-21.7479978643,0.255863539445629,0.0,0.16585841717750532,100,GOOD
Yali LLL 7 JESUS - Lord Saviour 004 Picture 3 Jesus Speaks to Nicodemus 65173_009.wav,15.0,-21.909873247458442,0.23667377398720682,0.0,0.14628552272121534,100,GOOD
Yali LLL 7 JESUS - Lord Saviour 004 Picture 3 Jesus Speaks to Nicodemus 65173_008.wav,15.0,-23.564470244445367,0.326226012793177,0.0,0.15752223813965885,100,GOOD
Yali LLL 7 JESUS - Lord Saviour 004 Picture 3 Jesus Speaks to Nicodemus 65173_007.wav,15.0,-24.58045484050146,0.3326226012793177,0.0,0.1615492570628998,100,GOOD
Yali LLL 7 JESUS - Lord Saviour 004 Picture 3 Jesus Speaks to Nicodemus 65173_006.wav,15.0,-22.6108147782092,0.32196162046908317,0.0,0.16026764892057568,100,GOOD
Yali LLL 7 JESUS - Lord Saviour 004 Picture 3 Jesus Speaks to Nicodemus 65173_005.wav,15.0,-23.084547340690136,0.3304904051172708,0.0,0.15737127698560768,100,GOOD
Yali LLL 7 JESUS - Lord Saviour 004 Picture 3 Jesus Speaks to Nicodemus 65173_004.wav,15.0,-22.044805686904446,0.21535181236673773,0.0,0.16207918276918976,100,GOOD
Yali LLL 7 JESUS - Lord Saviour 007 Picture 6 Jesus Feeds 5000 People 65173_007.wav,15.0,-22.638552988624166,0.24093816631130063,0.0,0.11390695795575694,100,GOOD
Yali LLL 7 JESUS - Lord Saviour 007 Picture 6 Jesus Feeds 5000 People 65173_006.wav,15.0,-20.806694161962504,0.21961620469083157,0.0,0.13735591018123666,100,GOOD
Yali LLL 7 JESUS - Lord Saviour 007 Picture 6 Jesus Feeds 5000 People 65173_005.wav,15.0,-20.852286206303376,0.19829424307036247,0.0,0.1530673224280384,100,GOOD
Yali LLL 7 JESUS - Lord Saviour 007 Picture 6 Jesus Feeds 5000 People 65173_004.wav,15.0,-20.825444830152165,0.19189765458422176,0.0,0.12599842583955223,100,GOOD
Yali LLL 7 JESUS - Lord Saviour 007 Picture 6 Jesus Feeds 5000 People 65173_003.wav,15.0,-21.873676443058294,0.23667377398720682,0.0,0.15090389292377399,100,GOOD
Yali LLL 7 JESUS - Lord Saviour 007 Picture 6 Jesus Feeds 5000 People 65173_002.wav,15.0,-22.053322597873972,0.22388059701492538,0.0,0.17404363506130063,100,GOOD
Yali LLL 7 JESUS - Lord Saviour 007 Picture 6 Jesus Feeds 5000 People 65173_001.wav,15.0,-22.66512397583174,0.23880597014925373,0.0,0.15511727078891258,100,GOOD
Yali LLL 7 JESUS - Lord Saviour 006 Picture 5 The Sick Man at the Pool 65173_009.wav,15.0,-20.664357628263986,0.12153518123667377,0.0,0.11285751765724947,100,GOOD
Yali LLL 7 JESUS - Lord Saviour 006 Picture 5 The Sick Man at the Pool 65173_008.wav,15.0,-22.973518489787622,0.2601279317697228,0.0,0.1450934501599147,100,GOOD
Yali LLL 7 JESUS - Lord Saviour 006 Picture 5 The Sick Man at the Pool 65173_007.wav,15.0,-23.507147173598103,0.279317697228145,0.0,0.1654534248400853,100,GOOD
Yali LLL 7 JESUS - Lord Saviour 006 Picture 5 The Sick Man at the Pool 65173_006.wav,15.0,-22.6262102607846,0.22388059701492538,0.0,0.16100787913113007,100,GOOD
Yali LLL 7 JESUS - Lord Saviour 006 Picture 5 The Sick Man at the Pool 65173_005.wav,15.0,-22.42236389080287,0.2878464818763326,0.0,0.1502427871801706,100,GOOD
Yali LLL 7 JESUS - Lord Saviour 006 Picture 5 The Sick Man at the Pool 65173_004.wav,15.0,-23.096017519005198,0.31556503198294245,0.0,0.14370668976545842,100,GOOD
Yali LLL 7 JESUS - Lord Saviour 006 Picture 5 The Sick Man at the Pool 65173_003.wav,15.0,-21.562239948019297,0.22174840085287847,0.0,0.12708222281449894,100,GOOD
Yali LLL 7 JESUS - Lord Saviour 006 Picture 5 The Sick Man at the Pool 65173_002.wav,15.0,-23.593347188644522,0.3049040511727079,0.0,0.1477430786913646,100,GOOD
Yali LLL 7 JESUS - Lord Saviour 006 Picture 5 The Sick Man at the Pool 65173_001.wav,15.0,-22.51971893187308,0.21108742004264391,0.0,0.13822211487206823,100,GOOD
Yali LLL 7 JESUS - Lord Saviour 010 Picture 9 Jesus Calls Lazarus from Death 65173_001.wav,15.0,-22.157682152360444,0.18550106609808104,0.0,0.15499650186567165,100,GOOD
Yali LLL 7 JESUS - Lord Saviour 009 Picture 8 Jesus Heals a Blind Man 65173_006.wav,13.0884375,-21.59561865999383,0.09268292682926829,0.0,0.07306950266768293,100,GOOD
Yali LLL 7 JESUS - Lord Saviour 009 Picture 8 Jesus Heals a Blind Man 65173_005.wav,15.0,-22.47367282993716,0.19829424307036247,0.0,0.13425652152185502,100,GOOD
Yali LLL 7 JESUS - Lord Saviour 009 Picture 8 Jesus Heals a Blind Man 65173_004.wav,15.0,-21.562993734087243,0.232409381663113,0.0,0.16164191597814498,100,GOOD
Yali LLL 7 JESUS - Lord Saviour 009 Picture 8 Jesus Heals a Blind Man 65173_003.wav,15.0,-21.09567753554483,0.2260127931769723,0.0,0.14525378131663114,100,GOOD
Yali LLL 7 JESUS - Lord Saviour 009 Picture 8 Jesus Heals a Blind Man 65173_002.wav,15.0,-21.594484917206582,0.21321961620469082,0.0,0.16198860607675905,100,GOOD
Yali LLL 7 JESUS - Lord Saviour 009 Picture 8 Jesus Heals a Blind Man 65173_001.wav,15.0,-23.821102673660782,0.2260127931769723,0.0,0.15631663113006397,100,GOOD
Yali LLL 7 JESUS - Lord Saviour 008 Picture 7 Jesus Walks on the Water 65173_008.wav,14.8193125,-20.815229170639164,0.14224137931034483,0.0,0.11870075094288793,100,GOOD
Yali LLL 7 JESUS - Lord Saviour 008 Picture 7 Jesus Walks on the Water 65173_007.wav,15.0,-23.006232412772864,0.21535181236673773,0.0,0.1448873101012793,100,GOOD
Yali LLL 7 JESUS - Lord Saviour 008 Picture 7 Jesus Walks on the Water 65173_006.wav,15.0,-23.583980709227657,0.2537313432835821,0.0,0.13307590118603413,100,GOOD
Yali LLL 7 JESUS - Lord Saviour 008 Picture 7 Jesus Walks on the Water 65173_005.wav,15.0,-22.167574577174275,0.24307036247334754,0.0,0.1407093300239872,100,GOOD
Yali LLL 7 JESUS - Lord Saviour 008 Picture 7 Jesus Walks on the Water 65173_004.wav,15.0,-21.87828739994898,0.2622601279317697,0.0,0.14913504464285715,100,GOOD
Yali LLL 7 JESUS - Lord Saviour 008 Picture 7 Jesus Walks on the Water 65173_003.wav,15.0,-22.180565472276147,0.26865671641791045,0.0,0.13071882496002132,100,GOOD
Yali LLL 7 JESUS - Lord Saviour 008 Picture 7 Jesus Walks on the Water 65173_002.wav,15.0,-23.557347127632696,0.26439232409381663,0.0,0.15653318230277186,100,GOOD
Yali LLL 7 JESUS - Lord Saviour 008 Picture 7 Jesus Walks on the Water 65173_001.wav,15.0,-22.599100556565787,0.208955223880597,0.0,0.14075826226012794,100,GOOD
Yali LLL 7 JESUS - Lord Saviour 007 Picture 6 Jesus Feeds 5000 People 65173_008.wav,8.496,-21.116963282727497,0.07142857142857142,0.0,0.053242848331766915,100,GOOD
Yali LLL 7 JESUS - Lord Saviour 012 Picture 11 Mary and Jesus at the Tomb 65173_002.wav,15.0,-22.023899933771016,0.26865671641791045,0.0,0.13882491837686567,100,GOOD
Yali LLL 7 JESUS - Lord Saviour 012 Picture 11 Mary and Jesus at the Tomb 65173_001.wav,15.0,-22.048628456075797,0.17484008528784648,0.0,0.1507883295575693,100,GOOD
Yali LLL 7 JESUS - Lord Saviour 011 Picture 10 Jesus Dies on the Cross 65173_008.wav,12.61,-20.81630756702326,0.1291139240506329,0.0,0.09217019382911393,100,GOOD
Yali LLL 7 JESUS - Lord Saviour 011 Picture 10 Jesus Dies on the Cross 65173_007.wav,15.0,-21.324897727668084,0.255863539445629,0.0,0.1368384778118337,100,GOOD
Yali LLL 7 JESUS - Lord Saviour 011 Picture 10 Jesus Dies on the Cross 65173_006.wav,15.0,-21.497196502127778,0.2302771855010661,0.0,0.15840197727878466,100,GOOD
Yali LLL 7 JESUS - Lord Saviour 011 Picture 10 Jesus Dies on the Cross 65173_005.wav,15.0,-21.883290658955733,0.21961620469083157,0.0,0.1449414478944563,100,GOOD
Yali LLL 7 JESUS - Lord Saviour 011 Picture 10 Jesus Dies on the Cross 65173_004.wav,15.0,-22.48701028216669,0.2537313432835821,0.0,0.13900711287313433,100,GOOD
Yali LLL 7 JESUS - Lord Saviour 011 Picture 10 Jesus Dies on the Cross 65173_003.wav,15.0,-21.316194328795103,0.2302771855010661,0.0,0.13478852945095948,100,GOOD
Yali LLL 7 JESUS - Lord Saviour 011 Picture 10 Jesus Dies on the Cross 65173_002.wav,15.0,-20.80630643850068,0.15565031982942432,0.0,0.1239141208022388,100,GOOD
Yali LLL 7 JESUS - Lord Saviour 011 Picture 10 Jesus Dies on the Cross 65173_001.wav,15.0,-21.590298816030717,0.13219616204690832,0.0,0.1573744003198294,100,GOOD
Yali LLL 7 JESUS - Lord Saviour 010 Picture 9 Jesus Calls Lazarus from Death 65173_007.wav,13.2681875,-20.631707598233792,0.1108433734939759,0.0,0.09310288027108433,100,GOOD
Yali LLL 7 JESUS - Lord Saviour 010 Picture 9 Jesus Calls Lazarus from Death 65173_006.wav,15.0,-22.568307277514272,0.24520255863539445,0.0,0.1499085904184435,100,GOOD
Yali LLL 7 JESUS - Lord Saviour 010 Picture 9 Jesus Calls Lazarus from Death 65173_005.wav,15.0,-23.671304992718866,0.2878464818763326,0.0,0.15301734908049042,100,GOOD
Yali LLL 7 JESUS - Lord Saviour 010 Picture 9 Jesus Calls Lazarus from Death 65173_004.wav,15.0,-22.18333672804315,0.2515991471215352,0.0,0.12926335121268656,100,GOOD
Yali LLL 7 JESUS - Lord Saviour 010 Picture 9 Jesus Calls Lazarus from Death 65173_003.wav,15.0,-22.637636714426755,0.2579957356076759,0.0,0.17632158682036247,100,GOOD
Yali LLL 7 JESUS - Lord Saviour 010 Picture 9 Jesus Calls Lazarus from Death 65173_002.wav,15.0,-22.74020402364538,0.3006396588486141,0.0,0.16881725579690832,100,GOOD
Yali LLL 7 JESUS - Lord Saviour 014 Picture 13 Jesus Teaches Two Friends 65173_005.wav,15.0,-23.269657478774132,0.26652452025586354,0.0,0.15760552705223882,100,GOOD
Yali LLL 7 JESUS - Lord Saviour 014 Picture 13 Jesus Teaches Two Friends 65173_004.wav,15.0,-22.27820633192541,0.2046908315565032,0.0,0.1515774920042644,100,GOOD
Yali LLL 7 JESUS - Lord Saviour 014 Picture 13 Jesus Teaches Two Friends 65173_003.wav,15.0,-22.27840318197081,0.21535181236673773,0.0,0.15349834255063965,100,GOOD
Yali LLL 7 JESUS - Lord Saviour 014 Picture 13 Jesus Teaches Two Friends 65173_002.wav,15.0,-21.22425831315371,0.21535181236673773,0.0,0.14143810800906184,100,GOOD
Yali LLL 7 JESUS - Lord Saviour 014 Picture 13 Jesus Teaches Two Friends 65173_001.wav,15.0,-21.804474429393544,0.18976545842217485,0.0,0.11256496535181236,100,GOOD
Yali LLL 7 JESUS - Lord Saviour 013 Picture 12 Jesus Appears to His Friends 65173_006.wav,14.0788125,-22.3961122835598,0.1409090909090909,0.0,0.07923805930397727,100,GOOD
Yali LLL 7 JESUS - Lord Saviour 013 Picture 12 Jesus Appears to His Friends 65173_005.wav,15.0,-21.571848062515045,0.24093816631130063,0.0,0.14769518756663114,100,GOOD
Yali LLL 7 JESUS - Lord Saviour 013 Picture 12 Jesus Appears to His Friends 65173_004.wav,15.0,-21.255328056419643,0.2601279317697228,0.0,0.1480710287846482,100,GOOD
Yali LLL 7 JESUS - Lord Saviour 013 Picture 12 Jesus Appears to His Friends 65173_003.wav,15.0,-21.684508889065487,0.23880597014925373,0.0,0.16402606110074627,100,GOOD
Yali LLL 7 JESUS - Lord Saviour 013 Picture 12 Jesus Appears to His Friends 65173_002.wav,15.0,-22.63494193792447,0.2601279317697228,0.0,0.1800456423240938,100,GOOD
Yali LLL 7 JESUS - Lord Saviour 013 Picture 12 Jesus Appears to His Friends 65173_001.wav,15.0,-23.01840108605208,0.279317697228145,0.0,0.15159102645255865,100,GOOD
Yali LLL 7 JESUS - Lord Saviour 012 Picture 11 Mary and Jesus at the Tomb 65173_007.wav,5.4213125,-19.749377296614835,0.2529411764705882,0.0,0.07236902573529412,100,GOOD
Yali LLL 7 JESUS - Lord Saviour 012 Picture 11 Mary and Jesus at the Tomb 65173_006.wav,15.0,-22.9958284645528,0.2814498933901919,0.0,0.11662738206289978,100,GOOD
Yali LLL 7 JESUS - Lord Saviour 012 Picture 11 Mary and Jesus at the Tomb 65173_005.wav,15.0,-21.931762088459436,0.2622601279317697,0.0,0.16469549573560768,100,GOOD
Yali LLL 7 JESUS - Lord Saviour 012 Picture 11 Mary and Jesus at the Tomb 65173_004.wav,15.0,-22.543805657839876,0.3049040511727079,0.0,0.15847485507729211,100,GOOD
Yali LLL 7 JESUS - Lord Saviour 012 Picture 11 Mary and Jesus at the Tomb 65173_003.wav,15.0,-22.80706350852752,0.2814498933901919,0.0,0.15971690098614072,100,GOOD
Yali LLL 7 JESUS - Lord Saviour 016 Picture 15 The Lost Son Comes Home 65173_008.wav,15.0,-22.664665742274416,0.21961620469083157,0.0,0.1542208738672708,100,GOOD
Yali LLL 7 JESUS - Lord Saviour 016 Picture 15 The Lost Son Comes Home 65173_007.wav,15.0,-22.276140516781933,0.24520255863539445,0.0,0.16410518556769724,100,GOOD
Yali LLL 7 JESUS - Lord Saviour 016 Picture 15 The Lost Son Comes Home 65173_006.wav,15.0,-23.72253011416522,0.26439232409381663,0.0,0.17709617370735609,100,GOOD
Yali LLL 7 JESUS - Lord Saviour 016 Picture 15 The Lost Son Comes Home 65173_005.wav,15.0,-22.34119412885341,0.22388059701492538,0.0,0.16772096548507462,100,GOOD
Yali LLL 7 JESUS - Lord Saviour 016 Picture 15 The Lost Son Comes Home 65173_004.wav,15.0,-20.509675387271706,0.2537313432835821,0.0,0.1353569762793177,100,GOOD
Yali LLL 7 JESUS - Lord Saviour 016 Picture 15 The Lost Son Comes Home 65173_003.wav,15.0,-21.598368873223606,0.24520255863539445,0.0,0.1315579607542644,100,GOOD
Yali LLL 7 JESUS - Lord Saviour 016 Picture 15 The Lost Son Comes Home 65173_002.wav,15.0,-21.494191430759617,0.208955223880597,0.0,0.12302917610607676,100,GOOD
Yali LLL 7 JESUS - Lord Saviour 016 Picture 15 The Lost Son Comes Home 65173_001.wav,15.0,-22.69756600589901,0.2260127931769723,0.0,0.13165790744936035,100,GOOD
Yali LLL 7 JESUS - Lord Saviour 015 Picture 14 The Son Among the Pigs 65173_006.wav,15.0,-21.87929649868146,0.1812366737739872,0.0,0.09666823527452026,100,GOOD
Yali LLL 7 JESUS - Lord Saviour 015 Picture 14 The Son Among the Pigs 65173_005.wav,15.0,-22.014288847377603,0.21321961620469082,0.0,0.1368655467084222,100,GOOD
Yali LLL 7 JESUS - Lord Saviour 015 Picture 14 The Son Among the Pigs 65173_004.wav,15.0,-22.329605843179436,0.2579957356076759,0.0,0.13565993969882728,100,GOOD
Yali LLL 7 JESUS - Lord Saviour 015 Picture 14 The Son Among the Pigs 65173_003.wav,15.0,-21.388203349815555,0.2260127931769723,0.0,0.13922886960287847,100,GOOD
Yali LLL 7 JESUS - Lord Saviour 015 Picture 14 The Son Among the Pigs 65173_002.wav,15.0,-22.038073448403402,0.27292110874200426,0.0,0.13978794642857142,100,GOOD
Yali LLL 7 JESUS - Lord Saviour 015 Picture 14 The Son Among the Pigs 65173_001.wav,15.0,-22.25462001211295,0.21961620469083157,0.0,0.16132958255597016,100,GOOD
Yali LLL 7 JESUS - Lord Saviour 014 Picture 13 Jesus Teaches Two Friends 65173_007.wav,13.49675,-19.920180782930416,0.17298578199052134,0.0,0.10234236152251185,100,GOOD
Yali LLL 7 JESUS - Lord Saviour 014 Picture 13 Jesus Teaches Two Friends 65173_006.wav,15.0,-21.700931948509048,0.24307036247334754,0.0,0.14354739972014927,100,GOOD
Yali LLL 7 JESUS - Lord Saviour 018 Picture 17 The Beggar and the Rich Man 65173_005.wav,15.0,-23.362135349794393,0.2771855010660981,0.0,0.1492495668976546,100,GOOD
Yali LLL 7 JESUS - Lord Saviour 018 Picture 17 The Beggar and the Rich Man 65173_004.wav,15.0,-24.3954692899607,0.32196162046908317,0.0,0.15448948061034115,100,GOOD
Yali LLL 7 JESUS - Lord Saviour 018 Picture 17 The Beggar and the Rich Man 65173_003.wav,15.0,-23.843118578794893,0.29637526652452023,0.0,0.1268313149653518,100,GOOD
Yali LLL 7 JESUS - Lord Saviour 018 Picture 17 The Beggar and the Rich Man 65173_002.wav,15.0,-23.053814821956212,0.2579957356076759,0.0,0.1471558918576759,100,GOOD
Yali LLL 7 JESUS - Lord Saviour 018 Picture 17 The Beggar and the Rich Man 65173_001.wav,15.0,-23.26426926514856,0.19189765458422176,0.0,0.1476420908848614,100,GOOD
Yali LLL 7 JESUS - Lord Saviour 017 Picture 16 The Wealth of a Rich Man 65173_007.wav,13.4205625,-21.46852582887421,0.11666666666666667,0.0,0.07829357328869048,100,GOOD
Yali LLL 7 JESUS - Lord Saviour 017 Picture 16 The Wealth of a Rich Man 65173_006.wav,15.0,-22.819980382961354,0.2302771855010661,0.0,0.15332760027985073,100,GOOD
Yali LLL 7 JESUS - Lord Saviour 017 Picture 16 The Wealth of a Rich Man 65173_005.wav,15.0,-22.934021647641046,0.2601279317697228,0.0,0.1395307919109808,100,GOOD
Yali LLL 7 JESUS - Lord Saviour 017 Picture 16 The Wealth of a Rich Man 65173_004.wav,15.0,-23.025733585658536,0.2622601279317697,0.0,0.1475827475346482,100,GOOD
Yali LLL 7 JESUS - Lord Saviour 017 Picture 16 The Wealth of a Rich Man 65173_003.wav,15.0,-21.98561520939397,0.2345415778251599,0.0,0.11890741604477612,100,GOOD
Yali LLL 7 JESUS - Lord Saviour 017 Picture 16 The Wealth of a Rich Man 65173_002.wav,15.0,-22.687609731185105,0.26652452025586354,0.0,0.13427838486140725,100,GOOD
Yali LLL 7 JESUS - Lord Saviour 017 Picture 16 The Wealth of a Rich Man 65173_001.wav,15.0,-22.10813342060957,0.2025586353944563,0.0,0.14103207456023453,100,GOOD
Yali LLL 7 JESUS - Lord Saviour 016 Picture 15 The Lost Son Comes Home 65173_012.wav,13.1768125,-20.884877587230083,0.15776699029126215,0.0,0.09613688941140777,100,GOOD
Yali LLL 7 JESUS - Lord Saviour 016 Picture 15 The Lost Son Comes Home 65173_011.wav,15.0,-23.220560521483474,0.24733475479744135,0.0,0.1401263076359275,100,GOOD
Yali LLL 7 JESUS - Lord Saviour 016 Picture 15 The Lost Son Comes Home 65173_010.wav,15.0,-22.45051402855109,0.17057569296375266,0.0,0.11685434434968017,100,GOOD
Yali LLL 7 JESUS - Lord Saviour 016 Picture 15 The Lost Son Comes Home 65173_009.wav,15.0,-21.51354618072658,0.2025586353944563,0.0,0.12172466351279318,100,GOOD
Yali LLL 7 JESUS - Lord Saviour 020 Picture 19 Two Men in God's House 65173_002.wav,15.0,-22.302886034075215,0.2771855010660981,0.0,0.1611640458422175,100,GOOD
Yali LLL 7 JESUS - Lord Saviour 020 Picture 19 Two Men in God's House 65173_001.wav,15.0,-23.21250062640347,0.2025586353944563,0.0,0.14437404217750532,100,GOOD
Yali LLL 7 JESUS - Lord Saviour 019 Picture 18 The Friend at the Door 65173_010.wav,10.0745625,-20.651750946256364,0.13015873015873017,0.0,0.07584945436507937,100,GOOD
Yali LLL 7 JESUS - Lord Saviour 019 Picture 18 The Friend at the Door 65173_009.wav,15.0,-22.611753577848557,0.279317697228145,0.0,0.12198077691897655,100,GOOD
Yali LLL 7 JESUS - Lord Saviour 019 Picture 18 The Friend at the Door 65173_008.wav,15.0,-23.719502711386966,0.2921108742004264,0.0,0.15093304404317698,100,GOOD
Yali LLL 7 JESUS - Lord Saviour 019 Picture 18 The Friend at the Door 65173_007.wav,15.0,-23.28091696036619,0.34754797441364604,0.0,0.14224705157249468,100,GOOD
Yali LLL 7 JESUS - Lord Saviour 019 Picture 18 The Friend at the Door 65173_006.wav,15.0,-22.959546135710536,0.2942430703624733,0.0,0.15207722547974414,100,GOOD
Yali LLL 7 JESUS - Lord Saviour 019 Picture 18 The Friend at the Door 65173_005.wav,15.0,-24.227441913943398,0.31982942430703626,0.0,0.14316843516791045,100,GOOD
Yali LLL 7 JESUS - Lord Saviour 019 Picture 18 The Friend at the Door 65173_004.wav,15.0,-22.081868168145,0.2537313432835821,0.0,0.12273350046641791,100,GOOD
Yali LLL 7 JESUS - Lord Saviour 019 Picture 18 The Friend at the Door 65173_003.wav,15.0,-21.082311504059767,0.2622601279317697,0.0,0.13086249833422176,100,GOOD
Yali LLL 7 JESUS - Lord Saviour 019 Picture 18 The Friend at the Door 65173_002.wav,15.0,-22.11786135667255,0.2771855010660981,0.0,0.15325159914712153,100,GOOD
Yali LLL 7 JESUS - Lord Saviour 019 Picture 18 The Friend at the Door 65173_001.wav,15.0,-22.937213781850488,0.26439232409381663,0.0,0.15568155317164178,100,GOOD
Yali LLL 7 JESUS - Lord Saviour 018 Picture 17 The Beggar and the Rich Man 65173_009.wav,7.914,-19.09322315670831,0.04032258064516129,0.0,0.08217300907258064,100,GOOD
Yali LLL 7 JESUS - Lord Saviour 018 Picture 17 The Beggar and the Rich Man 65173_008.wav,15.0,-21.355454960735738,0.232409381663113,0.0,0.13889779617537312,100,GOOD
Yali LLL 7 JESUS - Lord Saviour 018 Picture 17 The Beggar and the Rich Man 65173_007.wav,15.0,-21.646369237039632,0.2857142857142857,0.0,0.13172453857942432,100,GOOD
Yali LLL 7 JESUS - Lord Saviour 018 Picture 17 The Beggar and the Rich Man 65173_006.wav,15.0,-22.63458170422602,0.24946695095948826,0.0,0.1318505130597015,100,GOOD
Yali Good News 002 Picture 2 The Word of God 31721_001.wav,15.0,-21.735068646824566,0.27505330490405117,0.0,0.08901086087420043,100,GOOD
Yali LLL 7 JESUS - Lord Saviour 025 Picture 24 The Man up a Tree 65173_005.wav,15.0,-22.668032255566082,0.3283582089552239,0.0,0.15752432036247335,100,GOOD
Yali LLL 7 JESUS - Lord Saviour 025 Picture 24 The Man up a Tree 65173_004.wav,15.0,-22.966386539117266,0.32409381663113007,0.0,0.16087565798240938,100,GOOD
Yali LLL 7 JESUS - Lord Saviour 025 Picture 24 The Man up a Tree 65173_003.wav,15.0,-23.110587200211093,0.2601279317697228,0.0,0.14285089618869937,100,GOOD
Yali LLL 7 JESUS - Lord Saviour 025 Picture 24 The Man up a Tree 65173_002.wav,15.0,-23.161341360575637,0.2921108742004264,0.0,0.15252594449626866,100,GOOD
Yali LLL 7 JESUS - Lord Saviour 024 Picture 23 The House Owner Comes Home 65173_009.wav,7.38075,-19.82584363675644,0.1471861471861472,0.0,0.08554433847402597,100,GOOD
Yali LLL 7 JESUS - Lord Saviour 024 Picture 23 The House Owner Comes Home 65173_008.wav,15.0,-22.91518763712014,0.3070362473347548,0.0,0.1288135910847548,100,GOOD
Yali LLL 7 JESUS - Lord Saviour 024 Picture 23 The House Owner Comes Home 65173_007.wav,15.0,-22.98405267274037,0.2942430703624733,0.0,0.14632092050906184,100,GOOD
Yali LLL 7 JESUS - Lord Saviour 024 Picture 23 The House Owner Comes Home 65173_006.wav,15.0,-22.47567171234802,0.2814498933901919,0.0,0.13448973047707888,100,GOOD
Yali LLL 7 JESUS - Lord Saviour 024 Picture 23 The House Owner Comes Home 65173_005.wav,15.0,-21.945019229298918,0.26652452025586354,0.0,0.1280431686433902,100,GOOD
Yali LLL 7 JESUS - Lord Saviour 024 Picture 23 The House Owner Comes Home 65173_004.wav,15.0,-21.43209236783921,0.2601279317697228,0.0,0.15515475079957355,100,GOOD
Yali LLL 7 JESUS - Lord Saviour 024 Picture 23 The House Owner Comes Home 65173_003.wav,15.0,-22.36001131817837,0.2857142857142857,0.0,0.14186079924040512,100,GOOD
Yali LLL 7 JESUS - Lord Saviour 024 Picture 23 The House Owner Comes Home 65173_001.wav,15.0,-22.411805544163172,0.2025586353944563,0.0,0.12486049107142858,100,GOOD
Yali Good News 006 Picture 6 Noah's Ark 31721_001.wav,15.0,-21.31023385726978,0.18763326226012794,0.0,0.10604240238539446,100,GOOD
Yali Good News 005 Picture 5 Cain and Abel 31721_005.wav,12.294875,-20.59826672247244,0.2077922077922078,0.0,0.06749188311688312,100,GOOD
Yali Good News 005 Picture 5 Cain and Abel 31721_001.wav,15.0,-22.00470224166605,0.21535181236673773,0.0,0.09646209521588486,100,GOOD
Yali Good News 004 Picture 4 Adam and Eve 31721_006.wav,14.12175,-21.660258290221837,0.15610859728506787,0.0,0.07539636948529412,100,GOOD
Yali Good News 004 Picture 4 Adam and Eve 31721_001.wav,15.0,-21.523227799253547,0.1812366737739872,0.0,0.08315565031982942,100,GOOD
Yali Good News 003 Picture 3 Creation 31721_002.wav,8.0766875,-20.150138219264985,0.07509881422924901,0.0,0.05853585103754941,100,GOOD
Yali Good News 003 Picture 3 Creation 31721_001.wav,15.0,-21.813747559234493,0.279317697228145,0.0,0.08723264259061833,100,GOOD
Yali Good News 002 Picture 2 The Word of God 31721_003.wav,9.4186875,-20.879939791370894,0.0711864406779661,0.0,0.06352456302966102,100,GOOD
Yali Good News 002 Picture 2 The Word of God 31721_002.wav,15.0,-22.69993675875186,0.326226012793177,0.0,0.07087678238272921,100,GOOD
Yali Good News 004 Picture 4 Adam and Eve 31721_002.wav,15.0,-22.9355567744026,0.373134328358209,0.0,0.08921283648720682,85,GOOD
Yali Good News 004 Picture 4 Adam and Eve 31721_003.wav,15.0,-22.552896779190803,0.35181236673773986,0.0,0.09182498500799574,85,GOOD
Yali Good News 004 Picture 4 Adam and Eve 31721_004.wav,15.0,-23.11456550003395,0.373134328358209,0.0,0.09763959221748401,85,GOOD
Yali Good News 004 Picture 4 Adam and Eve 31721_005.wav,15.0,-22.812277334046005,0.3837953091684435,0.0,0.08264238239605544,85,GOOD
Yali Good News 005 Picture 5 Cain and Abel 31721_002.wav,15.0,-23.37948751790194,0.3624733475479744,0.0,0.10014346515191898,85,GOOD
Yali Good News 005 Picture 5 Cain and Abel 31721_003.wav,15.0,-23.58701111506356,0.39019189765458423,0.0,0.09308056536513859,85,GOOD
Yali Good News 005 Picture 5 Cain and Abel 31721_004.wav,15.0,-22.868995877973205,0.37100213219616207,0.0,0.1056540678304904,85,GOOD
Yali LLL 7 JESUS - Lord Saviour 024 Picture 23 The House Owner Comes Home 65173_002.wav,15.0,-23.165691439335163,0.3646055437100213,0.0,0.15078312400053304,85,GOOD
Yali LLL 7 JESUS - Lord Saviour 025 Picture 24 The Man up a Tree 65173_001.wav,15.0,-24.429316317311912,0.4520255863539446,0.0,0.14021896655117272,85,GOOD
Yali LLL 7 JESUS - Lord Saviour 025 Picture 24 The Man up a Tree 65173_006.wav,15.0,-23.092118841118307,0.37100213219616207,0.0,0.15288200459754797,85,GOOD
Yali Good News 040 Picture 40 Witnessing 31721_004.wav,15.0,-22.73276992660719,0.35394456289978676,0.0,0.10120748101012793,85,GOOD
Yali Good News 036 Picture 36 The Body of Christ 31721_005.wav,15.0,-21.899840575853457,0.35181236673773986,0.0,0.09279634195095948,85,GOOD
Yali Good News 036 Picture 36 The Body of Christ 31721_002.wav,15.0,-23.617881877598556,0.39445628997867804,0.0,0.09592904617537314,85,GOOD
Yali Good News 036 Picture 36 The Body of Christ 31721_003.wav,15.0,-23.717700477578884,0.39872068230277186,0.0,0.09462245135927505,85,GOOD
Yali LLL 7 JESUS - Lord Saviour 021 Picture 20 A Man Sows His Seed 65173_005.wav,15.0,-24.910116420589997,0.4115138592750533,0.0,0.16556274153784648,85,GOOD
Yali Good News 021 Picture 21 The Empty Cross 31721_002.wav,15.0,-23.497621449859523,0.35181236673773986,0.0,0.11905525386460554,85,GOOD
Yali Good News 020 Picture 20 The Ascension 31721_004.wav,15.0,-22.91100100535409,0.3603411513859275,0.0,0.10518348547441364,85,GOOD
Yali Good News 021 Picture 21 The Empty Cross 31721_003.wav,15.0,-23.21082398352123,0.3646055437100213,0.0,0.12912384228411514,85,GOOD
Yali Good News 016 Picture 16 Jesus Suffers 31721_002.wav,15.0,-22.949155211929693,0.3646055437100213,0.0,0.1170906766391258,85,GOOD
Yali Good News 011 Picture 11 Sacrifice for Sin 31721_005.wav,15.0,-22.718018134426305,0.35181236673773986,0.0,0.08900357309434968,85,GOOD
Yali Good News 016 Picture 16 Jesus Suffers 31721_003.wav,15.0,-22.508031826142606,0.35607675906183367,0.0,0.12291257162846482,85,GOOD
Yali Good News 019 Picture 19 Thomas Believes 31721_002.wav,15.0,-23.63427987300607,0.3773987206823028,0.0,0.11704590884861407,85,GOOD
Yali Good News 012 Picture 12 A Saviour Promised 31721_004.wav,15.0,-22.661780569600623,0.35181236673773986,0.0,0.08682973247601279,85,GOOD
Yali Good News 013 Picture 13 The Birth of Jesus 31721_002.wav,15.0,-23.00141926627541,0.3582089552238806,0.0,0.14575767923773988,85,GOOD
Yali Good News 009 Picture 9 Moses and the Law of God 31721_003.wav,15.0,-22.765369096141022,0.3646055437100213,0.0,0.08629251898987207,85,GOOD
Yali Good News 010 Picture 10 The Ten Commandments 31721_002.wav,15.0,-21.926822128606787,0.35181236673773986,0.0,0.10695337486673774,85,GOOD
Yali Good News 010 Picture 10 The Ten Commandments 31721_003.wav,15.0,-23.033443002749166,0.3752665245202559,0.0,0.11700530550373134,85,GOOD
Yali Good News 008 Picture 8 Abraham Sarah and Isaac 31721_003.wav,15.0,-22.333295311780468,0.35181236673773986,0.0,0.10657128698027718,85,GOOD
Yali Good News 006 Picture 6 Noah's Ark 31721_003.wav,15.0,-23.364036872995555,0.39232409381663114,0.0,0.08258720349147121,85,GOOD
Yali Good News 006 Picture 6 Noah's Ark 31721_004.wav,15.0,-21.700655667374427,0.35607675906183367,0.0,0.08221552671908315,85,GOOD
Yali Good News 007 Picture 7 The Flood 31721_002.wav,15.0,-22.596121021656476,0.35181236673773986,0.0,0.0876969782782516,85,GOOD
Yali Good News 001 Picture 1 In the Beginning 31721_001.wav,15.0,-22.777689438946204,0.3646055437100213,0.0,0.08430295509061833,85,GOOD
Yali Good News 001 Picture 1 In the Beginning 31721_004.wav,15.0,-21.8848196949003,0.373134328358209,0.0,0.06973260094616204,85,GOOD
Yali LLL 7 JESUS - Lord Saviour 025 Picture 24 The Man up a Tree 65173_010.wav,12.2645,-23.65234255796492,0.3541666666666667,0.0,0.14984003702799478,85,GOOD
Yali Good News 040 Picture 40 Witnessing 31721_007.wav,14.5478125,-26.62468879401272,0.5186813186813187,0.0,0.07110877403846154,70,REVIEW
